song_name,artist,genre,popularity,release_date,music_link,track_id,image
Vaate G Tu Shevgyachi Sheg,Anna Surwade,pop,0,2021-04-24,https://open.spotify.com/track/3bQH0qbJE2I4073AGFLUnm,3bQH0qbJE2I4073AGFLUnm,https://i.scdn.co/image/ab67616d0000b273a21d2fa0fd5c41425e435a6e
Where Are You Today / Gdzie Jesteś Dziś,Mieczysław Fogg,pop,0,2022-11-27,https://open.spotify.com/track/3j27Sa2tkr4cgtGlJiUoCg,3j27Sa2tkr4cgtGlJiUoCg,https://i.scdn.co/image/ab67616d0000b273bc3c9b8f1152347df18efbd0
Banni Bago Me Khilrya Phool,Raju Sen Bambor,pop,0,2023-06-05,https://open.spotify.com/track/5L526bosV3ralrx9Spaazn,5L526bosV3ralrx9Spaazn,https://i.scdn.co/image/ab67616d0000b27342e9a79ae6029d7e87822d27
Mostarski dućani,Safet Isovic,pop,13,2020-11-05,https://open.spotify.com/track/2HwQtVxQjfNUXaIpCIcI0Z,2HwQtVxQjfNUXaIpCIcI0Z,https://i.scdn.co/image/ab67616d0000b273c536cb16cf3e95a4cf8798eb
She Will Be Loved,Maroon 5,pop,3,2021-05-26,https://open.spotify.com/track/5Y7nvti5eNyzZQaBM4WKN3,5Y7nvti5eNyzZQaBM4WKN3,https://i.scdn.co/image/ab67616d0000b27308491215b1f6edd4a4710604
Suno Ji Banna,Happy Singh,pop,0,2021-09-10,https://open.spotify.com/track/5TUSQyjaMrERQ5KaFxuGxQ,5TUSQyjaMrERQ5KaFxuGxQ,https://i.scdn.co/image/ab67616d0000b273ef448370b664399f3e469fcc
Fut Gayil Ba,Bullet Raja,pop,0,2020-11-26,https://open.spotify.com/track/5XA8KxHtmhvyp3STMe1Qux,5XA8KxHtmhvyp3STMe1Qux,https://i.scdn.co/image/ab67616d0000b2737b3cac1e9e94ffea064b35d8
On My Way,Panetoz,pop,0,2023-04-19,https://open.spotify.com/track/2ns6MCuAHvL0LwxwPQ6HNd,2ns6MCuAHvL0LwxwPQ6HNd,https://i.scdn.co/image/ab67616d0000b273b757655a161825ddef813ee9
KEN RASIR TUKEL,UMAKANT BARIK,pop,1,2023-06-06,https://open.spotify.com/track/7rZNqL3LQAeTeaAb8fpKVq,7rZNqL3LQAeTeaAb8fpKVq,https://i.scdn.co/image/ab67616d0000b2732e586b41fb78a117cc83d2ef
Promiscuous,Nelly Furtado,pop,1,2023-10-11,https://open.spotify.com/track/0Y6Ws1fKQwTuJZ7qn3xqWR,0Y6Ws1fKQwTuJZ7qn3xqWR,https://i.scdn.co/image/ab67616d0000b273f312f3144a6b7802bb448de3
1970,Boris,pop,12,2023-07-06,https://open.spotify.com/track/7lBtAxWD5yWRU8EPYPRk2j,7lBtAxWD5yWRU8EPYPRk2j,https://i.scdn.co/image/ab67616d0000b273e45b6160991b146c899648f7
Anti-Hero,Taylor Swift,pop,90,2022-10-21,https://open.spotify.com/track/0V3wPSX9ygBnCm8psDIegu,0V3wPSX9ygBnCm8psDIegu,https://i.scdn.co/image/ab67616d0000b273bb54dde68cd23e2a268ae0f5
Surfing,YAJICO GIRL,pop,7,2021-02-17,https://open.spotify.com/track/6qqIl3K17ONIn87OGIXC46,6qqIl3K17ONIn87OGIXC46,https://i.scdn.co/image/ab67616d0000b27394dd03ae4ae75fefa49a8509
MELODIA CRIMINAL,Fred De Palma,pop,0,2023-10-13,https://open.spotify.com/track/6yAue1ng2urK0tisuCux8G,6yAue1ng2urK0tisuCux8G,https://i.scdn.co/image/ab67616d0000b273b2f91db97eec076811d9d5de
Back It Up,Bres,pop,8,2022-03-04,https://open.spotify.com/track/571Nn0BJQmpdERgE5PsfNB,571Nn0BJQmpdERgE5PsfNB,https://i.scdn.co/image/ab67616d0000b2736e053133560d91c57b39346c
Khune Khoon Ho Gail,Tuntun Yadav,pop,0,2024-01-26,https://open.spotify.com/track/5o1QNOB5E9bUB8HOxQLYZ7,5o1QNOB5E9bUB8HOxQLYZ7,https://i.scdn.co/image/ab67616d0000b273bcb0b22072f0d039ac584bd2
With Bells On,Dolly Parton,pop,0,2023-09-12,https://open.spotify.com/track/22Lt16ibsKwXUzDOd6vC03,22Lt16ibsKwXUzDOd6vC03,https://i.scdn.co/image/ab67616d0000b2730955a3000b7dfeea4feb93ee
Jujunela,Bayar Şahin,pop,0,2021-03-23,https://open.spotify.com/track/4eHmT98Sm0NQ10ZNSRJ0g3,4eHmT98Sm0NQ10ZNSRJ0g3,https://i.scdn.co/image/ab67616d0000b273c77a74378569fec7b719ffba
Jaanua Pade Aara Mei,Tuntun Yadav,pop,0,2023-06-01,https://open.spotify.com/track/5K3nzsCNZO02AphuA5wnkg,5K3nzsCNZO02AphuA5wnkg,https://i.scdn.co/image/ab67616d0000b2734a6ab994c2598ad31134897b
Minor Victories,Julia Fordham,pop,1,2023-02-03,https://open.spotify.com/track/2NI3jlVz3p0kGndRAjoWhS,2NI3jlVz3p0kGndRAjoWhS,https://i.scdn.co/image/ab67616d0000b2738349a7bad655989c8e68260d
Cette ombre - Bossa Nova Version,Emilie Simon,pop,0,2020-09-25,https://open.spotify.com/track/4vQDXEg0xncSM530883XmU,4vQDXEg0xncSM530883XmU,https://i.scdn.co/image/ab67616d0000b2735df147e8a07fd526a59c4b15
Vì Em Chưa Bao Giờ Khóc,Hà Nhi,pop,55,2023-06-30,https://open.spotify.com/track/4CKGjLQYTZv9S1eDuUG7DG,4CKGjLQYTZv9S1eDuUG7DG,https://i.scdn.co/image/ab67616d0000b273b37cc136b8ae6c270f366d13
Waktu,Melly Goeslaw,pop,33,2020-08-28,https://open.spotify.com/track/1BGk9tNfAVs32Q9sCDIZHx,1BGk9tNfAVs32Q9sCDIZHx,https://i.scdn.co/image/ab67616d0000b273c9c92d44f225a7d911271917
Mi Dusha,Rumen Borilov,pop,6,2021-04-09,https://open.spotify.com/track/5YIYIBLU0ECwLP3JvsRyoE,5YIYIBLU0ECwLP3JvsRyoE,https://i.scdn.co/image/ab67616d0000b2734460127f8ce0ad3075354d06
Gokul Na Govaliya O Re O Shamaliya,Shital Thakor,pop,0,2022-08-23,https://open.spotify.com/track/0gyluIFapDNjvVgrrK1zAz,0gyluIFapDNjvVgrrK1zAz,https://i.scdn.co/image/ab67616d0000b273303d6fe9cf987b82d51b9d4a
Mohan Tum Aa Jaiyo,Shivani,pop,0,2023-01-10,https://open.spotify.com/track/1KpN34ShgTesdea8GwYHPe,1KpN34ShgTesdea8GwYHPe,https://i.scdn.co/image/ab67616d0000b27302cc7d9483077e842afcbcae
Pensamentos,Simone,pop,2,2022-01-28,https://open.spotify.com/track/6Cqkc5vLjlK7Y5MiM3hsNq,6Cqkc5vLjlK7Y5MiM3hsNq,https://i.scdn.co/image/ab67616d0000b273e91ba5934c244127cde45ba0
Hallöchen - Party Remix,Stereoact,pop,0,2022-08-03,https://open.spotify.com/track/6IFOnX84pxbvxTS7NaJSF8,6IFOnX84pxbvxTS7NaJSF8,https://i.scdn.co/image/ab67616d0000b2732db001a0a97b893bc4ba2769
Mjesečar (Live 2009),Opća Opasnost,pop,4,2022-12-13,https://open.spotify.com/track/6K1WPVlVIXfL0Lv8MXOoxZ,6K1WPVlVIXfL0Lv8MXOoxZ,https://i.scdn.co/image/ab67616d0000b2734fe1bf8b645196e620aeb1ae
Tafiya,Londonboykiller,pop,0,2023-07-09,https://open.spotify.com/track/0cd339m6Z18usbinlAo82Y,0cd339m6Z18usbinlAo82Y,https://i.scdn.co/image/ab67616d0000b2738c41b60a1f5e08d3a7546b46
Raat Kali Milba Aja,Sugna Bai,pop,4,2020-12-01,https://open.spotify.com/track/1Hn7Wds2ZhmABduDGowXq3,1Hn7Wds2ZhmABduDGowXq3,https://i.scdn.co/image/ab67616d0000b273bf30aa5cc381b6abd0c174bc
Jalousie,Mieczysław Fogg,pop,0,2022-12-23,https://open.spotify.com/track/6xF9WQxhCpDV285lYakB8V,6xF9WQxhCpDV285lYakB8V,https://i.scdn.co/image/ab67616d0000b273bc06afd85d397bcdfdb8730f
Musafara Khpal Watan Ta Zra Raza,Nazia Iqbal,pop,0,2022-03-11,https://open.spotify.com/track/0TFc6zV0xlLS9RjPzmHyup,0TFc6zV0xlLS9RjPzmHyup,https://i.scdn.co/image/ab67616d0000b27338cecd0ac9e0bdc0564dfa36
Không Thể Và Có Thể,Đàm Vĩnh Hưng,pop,0,2022-12-14,https://open.spotify.com/track/0mk62qz0guj1VqrCH900gA,0mk62qz0guj1VqrCH900gA,https://i.scdn.co/image/ab67616d0000b2731c61fafe22c3526b997f2f62
Yêu Là Đau Thế Này,Quang Hà,pop,0,2022-03-02,https://open.spotify.com/track/041FwGOZbqdTBnLQ7stEuy,041FwGOZbqdTBnLQ7stEuy,https://i.scdn.co/image/ab67616d0000b2734904abbc44ee0c4b6956b18f
Afto Pou Ithela - Live,Thodoris Ferris,pop,7,2023-10-22,https://open.spotify.com/track/3AevlfE7Z2inxj8xM8wkhE,3AevlfE7Z2inxj8xM8wkhE,https://i.scdn.co/image/ab67616d0000b273973ea79e0a31836817f30727
Ndera,Omega 256,pop,13,2021-11-12,https://open.spotify.com/track/2HX8JrWyMU0lx9WYmuDMIL,2HX8JrWyMU0lx9WYmuDMIL,https://i.scdn.co/image/ab67616d0000b273c9e242df02ae247a932787a0
It's Beginning To Look A Lot Like Christmas,Pentatonix,pop,0,2023-08-15,https://open.spotify.com/track/0SYbe3c3UAkW0MV3jUgmtm,0SYbe3c3UAkW0MV3jUgmtm,https://i.scdn.co/image/ab67616d0000b2732cd27809102e2b94459d7151
I Lost Myself in Loving You,Jamie Miller,pop,0,2023-05-12,https://open.spotify.com/track/56ojkwO4KXUwZLErZDgdUE,56ojkwO4KXUwZLErZDgdUE,https://i.scdn.co/image/ab67616d0000b273f3088934594b8483acfbe566
american jesus,Nessa Barrett,pop,0,2023-09-15,https://open.spotify.com/track/1LbSclFPgXkrLhR55LBuzY,1LbSclFPgXkrLhR55LBuzY,https://i.scdn.co/image/ab67616d0000b273bbd6e539c705ffcdd1c2b705
Những Vết Thương,Thái Đinh,pop,15,2020-12-12,https://open.spotify.com/track/28klZ7ohatMv8SlHgMKU4d,28klZ7ohatMv8SlHgMKU4d,https://i.scdn.co/image/ab67616d0000b2730d4146e6640f39776d9316b6
Fiel,Samuel Troc,pop,21,2022-05-19,https://open.spotify.com/track/5rWvjJULWlwyuJbVQYYPTr,5rWvjJULWlwyuJbVQYYPTr,https://i.scdn.co/image/ab67616d0000b27357f20a6170f141cd4aafe500
The Christmas Song (Chestnuts Roasting on an Open Fire),Pentatonix,pop,0,2022-09-30,https://open.spotify.com/track/3AF0YXGyHXPX7ThibLyfSq,3AF0YXGyHXPX7ThibLyfSq,https://i.scdn.co/image/ab67616d0000b273e0b4bbebae75b432a805881d
"A State of Trance (ASOT 1113) - Interview with LÜRUM, Pt. 4",Armin van Buuren,pop,2,2023-03-23,https://open.spotify.com/track/5MrbxTBuNd52IkqeSGIYqS,5MrbxTBuNd52IkqeSGIYqS,https://i.scdn.co/image/ab67616d0000b273a00a57f122e8a46491a99e1e
ひるさがり (Remaster),Minako Yoshida,pop,4,2021-06-16,https://open.spotify.com/track/1SVFyiUC6cOfKLubHO6G8I,1SVFyiUC6cOfKLubHO6G8I,https://i.scdn.co/image/ab67616d0000b273f8a6d16dc1edfa1180d9a9aa
Pool,Far Caspian,pop,47,2023-07-14,https://open.spotify.com/track/49FHYvCtxzbtvEVZqHOBHE,49FHYvCtxzbtvEVZqHOBHE,https://i.scdn.co/image/ab67616d0000b273457a53f2bd8257417fc94e68
Hungry Heart ft. Hayley Kiyoko,Steve Aoki,pop,43,2023-03-03,https://open.spotify.com/track/6JqJ2DMu7B2PddAdNAVmYy,6JqJ2DMu7B2PddAdNAVmYy,https://i.scdn.co/image/ab67616d0000b27366f3a10e6d0696289325abd1
live forever,almost monday,pop,0,2021-05-21,https://open.spotify.com/track/7kZyvQibPGXe588dvnKBu7,7kZyvQibPGXe588dvnKBu7,https://i.scdn.co/image/ab67616d0000b2736010153917b807a1962563f7
Castle on the Hill - Acoustic,Ed Sheeran,pop,0,2023-06-02,https://open.spotify.com/track/6YNapa7EXbRMigKz5YlzWC,6YNapa7EXbRMigKz5YlzWC,https://i.scdn.co/image/ab67616d0000b27327e24b091992813f06cbe7b4
i hope ur miserable until ur dead,Nessa Barrett,pop,1,2022-10-28,https://open.spotify.com/track/6QV51DMfrHr5aoOajJMHdh,6QV51DMfrHr5aoOajJMHdh,https://i.scdn.co/image/ab67616d0000b27398c2a6e8bfbabc9fea097b06
Generazione santa,Sounds Music Italia,gospel,5,2020-10-30,https://open.spotify.com/track/6fp2dqg9fVJ8uUKt3u5Y8n,6fp2dqg9fVJ8uUKt3u5Y8n,https://i.scdn.co/image/ab67616d0000b273e31c4c5855bdead0ecd34b94
Forever,GV3,gospel,29,2021-03-26,https://open.spotify.com/track/1uMEHGk1nsjDOZoCY9wvtk,1uMEHGk1nsjDOZoCY9wvtk,https://i.scdn.co/image/ab67616d0000b273a53a2d48e69d9cbae57b7c24
Memorias Que Dan Vida,Bruna Karla,gospel,4,2021-03-19,https://open.spotify.com/track/0g7xupYq3SzuFh5vR4RJFE,0g7xupYq3SzuFh5vR4RJFE,https://i.scdn.co/image/ab67616d0000b273caaefe0caa9a3236b403d6ac
End of the End of the World,Joe Mullins & The Radio Ramblers,gospel,1,2023-03-17,https://open.spotify.com/track/7l96z00VgLfdRDqewQ54G7,7l96z00VgLfdRDqewQ54G7,https://i.scdn.co/image/ab67616d0000b27309335de60d57a9ecfbec98d4
You're Holy(Prelude),Racheal,gospel,2,2023-07-01,https://open.spotify.com/track/4kXcGxAapASgoJvDrC2wUg,4kXcGxAapASgoJvDrC2wUg,https://i.scdn.co/image/ab67616d0000b2737f941b9b00d4d946c39a89e0
Velsignelsen,Evangeliesenteret,gospel,25,2022-01-14,https://open.spotify.com/track/7toNnqqt1JeP6UhBtRgv1x,7toNnqqt1JeP6UhBtRgv1x,https://i.scdn.co/image/ab67616d0000b273f89f952dec815822e2baccca
Venceu - Ao Vivo,Nívea Soares,gospel,15,2023-03-22,https://open.spotify.com/track/04IKAxkICNNEFZDoEd36Yi,04IKAxkICNNEFZDoEd36Yi,https://i.scdn.co/image/ab67616d0000b2739b4df8cd184599035fe3acea
Mmuso Wa Modimo - Live,Spirit Of Praise,gospel,2,2020-10-23,https://open.spotify.com/track/0KZcIsquwVDVQ6mTJ8dQMp,0KZcIsquwVDVQ6mTJ8dQMp,https://i.scdn.co/image/ab67616d0000b2731d507bc4049bc06a2ec349e7
Chete,A'Chanza,gospel,0,2021-06-20,https://open.spotify.com/track/35aPePQZKQLtX1ttFZlbAs,35aPePQZKQLtX1ttFZlbAs,https://i.scdn.co/image/ab67616d0000b273748a364ea4409cea5f417ee5
An Old Convention Song,The Cathedrals,gospel,1,2020-09-11,https://open.spotify.com/track/3qvpjQvBNvW5lwbZJLbJKj,3qvpjQvBNvW5lwbZJLbJKj,https://i.scdn.co/image/ab67616d0000b273b2726c4b39e1f801e04e4c67
Turaga Turaga,Waisea Rogoyawa Tikomailepanoni,gospel,1,2022-06-16,https://open.spotify.com/track/5yR2Dk95JaKozjcwyn9PFK,5yR2Dk95JaKozjcwyn9PFK,https://i.scdn.co/image/ab67616d0000b2734dad271f214cd914d2e0d65e
A Essência da Adoração,Damares,gospel,1,2020-06-19,https://open.spotify.com/track/21mYgU60dpmMjJFKyTJLFX,21mYgU60dpmMjJFKyTJLFX,https://i.scdn.co/image/ab67616d0000b2730146ae4afebcc63694accaf0
Thlaola (Live),Tshwane Gospel Choir,gospel,6,2020-09-30,https://open.spotify.com/track/2iJFDeZ4AR5PkyweBdAcmj,2iJFDeZ4AR5PkyweBdAcmj,https://i.scdn.co/image/ab67616d0000b273b69e6494b4b0c7029253b165
Deus tú és Santo (Lord you're Holy) - Ao vivo,Danielle Cristina,gospel,9,2020-04-24,https://open.spotify.com/track/3FK1N9BLOgoF1QEJLqrimg,3FK1N9BLOgoF1QEJLqrimg,https://i.scdn.co/image/ab67616d0000b273fcead93c982b5a7f4ac625a6
Judas,Marcos Antônio,gospel,14,2024-01-04,https://open.spotify.com/track/4pCc120QjlegBG3U7I0awu,4pCc120QjlegBG3U7I0awu,https://i.scdn.co/image/ab67616d0000b27365bb6fe65bba19db3e50c7b8
Energy,Wingy Danejah,gospel,0,2023-04-14,https://open.spotify.com/track/4dCMbSQYqpDcbVX4pW8HXV,4dCMbSQYqpDcbVX4pW8HXV,https://i.scdn.co/image/ab67616d0000b2731d42ebd11e3a623ef3250bf7
When Life Is Over,The Schmidts & First Love,gospel,1,2021-08-01,https://open.spotify.com/track/7KGujB5YcUENHjYTluV93G,7KGujB5YcUENHjYTluV93G,https://i.scdn.co/image/ab67616d0000b273c359e8d0bfbd8da79b33b306
Ur'umwami Uraganje,Apollinaire Habonimana,gospel,7,2023-05-31,https://open.spotify.com/track/51Ah2AOR7LJyngzKbeklgv,51Ah2AOR7LJyngzKbeklgv,https://i.scdn.co/image/ab67616d0000b273ddebba5d6bde223a09ad8fac
Ao Teu Encontro,Paulo Neto,gospel,22,2020-09-15,https://open.spotify.com/track/5ezK2FQqTaeYCYYwoCA0a9,5ezK2FQqTaeYCYYwoCA0a9,https://i.scdn.co/image/ab67616d0000b273c275efd2fb7833dc36a4bc14
Fronteiras - Live,Rebanhão,gospel,17,2021-05-03,https://open.spotify.com/track/79nb8plGpz1RfDExD4T2GL,79nb8plGpz1RfDExD4T2GL,https://i.scdn.co/image/ab67616d0000b27344fdcff41745ae6766f50aff
Beautiful Star of Bethlehem,The Primitive Quartet,gospel,2,2021-12-03,https://open.spotify.com/track/4abRJPFTtjU5p3lYRLM7YE,4abRJPFTtjU5p3lYRLM7YE,https://i.scdn.co/image/ab67616d0000b273c11edd6f592651dd10772d73
Blessed Love,Glacia Robinson,gospel,0,2023-09-25,https://open.spotify.com/track/0vlebGFXxckj5CRLXyCWve,0vlebGFXxckj5CRLXyCWve,https://i.scdn.co/image/ab67616d0000b27370f6f359b5fa1e08d3be0e99
Msifuni,Papi Clever & Dorcas,gospel,12,2023-03-12,https://open.spotify.com/track/1EYXrax9Wdk3FEyakZGEug,1EYXrax9Wdk3FEyakZGEug,https://i.scdn.co/image/ab67616d0000b2732088495749fef7cd8a7d87f6
Dolce Melodia,Mirko&Giorgia,gospel,6,2022-12-24,https://open.spotify.com/track/4G9Ykvo4eHmRRZs55QvyLE,4G9Ykvo4eHmRRZs55QvyLE,https://i.scdn.co/image/ab67616d0000b273729569ac987de7f71f47d346
De Todas as Nações do Mundo,Luiz Artur,gospel,3,2020-11-03,https://open.spotify.com/track/0gi1C1UxKdOyPQK8Bj2YT2,0gi1C1UxKdOyPQK8Bj2YT2,https://i.scdn.co/image/ab67616d0000b27318487daf48009b9af913d31b
Não Adoro por Sinais,Gabriel Brito,gospel,63,2022-01-20,https://open.spotify.com/track/5wHx18pp8YbZgyAzL3Yju4,5wHx18pp8YbZgyAzL3Yju4,https://i.scdn.co/image/ab67616d0000b27366ea98fd99134233751b48a3
Resposta de Deus (Playback),Eurice Diniz,gospel,0,2023-10-09,https://open.spotify.com/track/6utCfNLsFxOkIVJlbozLs5,6utCfNLsFxOkIVJlbozLs5,https://i.scdn.co/image/ab67616d0000b27349af9b127fb2aa6d11b87540
A Bênção (The Blessing) (feat. Lukas Agustinho),Aline Barros,gospel,0,2023-04-28,https://open.spotify.com/track/1L2txwXWmuDANUlCo65uGQ,1L2txwXWmuDANUlCo65uGQ,https://i.scdn.co/image/ab67616d0000b27357795ae436d577ae34f50805
Blessed,Dj Penny,gospel,0,2021-01-17,https://open.spotify.com/track/5EgjVmSYVxD2oO1u95tq6w,5EgjVmSYVxD2oO1u95tq6w,https://i.scdn.co/image/ab67616d0000b2734127c7b79210854f4809e4d9
I've Never Been This Homesick Before,Porchlight Trio,gospel,0,2021-01-08,https://open.spotify.com/track/0rv0wzQPkilBVtyl9FwfcP,0rv0wzQPkilBVtyl9FwfcP,https://i.scdn.co/image/ab67616d0000b2735e6f65a7c7db1cdf3d3ebd42
Vosa Ni Kalou E Bula,Peacemaker Gospel,gospel,1,2021-04-01,https://open.spotify.com/track/1FvpLA4SWl1qm60r1fhcZB,1FvpLA4SWl1qm60r1fhcZB,https://i.scdn.co/image/ab67616d0000b27321fe92b472a2e8d340a580fa
La Paura non è il mio Futuro,be.church,gospel,2,2023-04-09,https://open.spotify.com/track/24lEizsaeSU684Nox7HMgV,24lEizsaeSU684Nox7HMgV,https://i.scdn.co/image/ab67616d0000b2736557413855d3e4a55bd672b1
I'm Throwin' up My Hands,Rev. Gary Davis,gospel,0,2021-09-10,https://open.spotify.com/track/1lgctFjKFzYqrHQ2Y7QfaR,1lgctFjKFzYqrHQ2Y7QfaR,https://i.scdn.co/image/ab67616d0000b2731b5035df947ea5d436681e84
Eu Permiti o Vento,Jéssica Augusto,gospel,18,2022-05-10,https://open.spotify.com/track/30reu1vQiY5574QpkJnOfA,30reu1vQiY5574QpkJnOfA,https://i.scdn.co/image/ab67616d0000b2730742c1a0401e07bff4ac2deb
Ndimene muliri,Dr Ethel Kamwendo Banda,gospel,3,2023-09-04,https://open.spotify.com/track/1CWiUcMwYYpayQcotFtLiB,1CWiUcMwYYpayQcotFtLiB,https://i.scdn.co/image/ab67616d0000b27349a0a4fabf6976bb265c49f1
Right Now (feat. Dorinda Clark-Cole),Myron Butler & Levi,gospel,4,2020-06-26,https://open.spotify.com/track/0lKAlOxrdXciGsBWsvB94k,0lKAlOxrdXciGsBWsvB94k,https://i.scdn.co/image/ab67616d0000b273a6853e0701697ef8bbdf0544
Só Tenho a Ti,Leonardo Gonçalves,gospel,0,2023-12-22,https://open.spotify.com/track/0icio6FQR6gbPcZUhB7Jwi,0icio6FQR6gbPcZUhB7Jwi,https://i.scdn.co/image/ab67616d0000b273cc77e1c8f74c07a9a60bc52d
My God Has Been so Good to Me,The Lindseys,gospel,14,2021-12-12,https://open.spotify.com/track/2xeosl8rcNmk5NSKPy3dev,2xeosl8rcNmk5NSKPy3dev,https://i.scdn.co/image/ab67616d0000b273019cc67c44a2a3a4207e98b3
Diz,Gabriela Rocha,gospel,3,2024-01-23,https://open.spotify.com/track/02BJuT9tlsZi3JjucUGKyh,02BJuT9tlsZi3JjucUGKyh,https://i.scdn.co/image/ab67616d0000b27301243b6a246ff6e76d864140
Imutável,Aline Barros,gospel,25,2022-01-20,https://open.spotify.com/track/5tPitnPLWxu3vtb1sBHdkX,5tPitnPLWxu3vtb1sBHdkX,https://i.scdn.co/image/ab67616d0000b273a27207aac9b6c562dacce852
"Never Give Up, Never Give In",Ernie Haase & Signature Sound,gospel,1,2020-09-11,https://open.spotify.com/track/2xV3NFzZfzWNOJylsKRLzo,2xV3NFzZfzWNOJylsKRLzo,https://i.scdn.co/image/ab67616d0000b273b2726c4b39e1f801e04e4c67
Nkusabila,WILSON BUGEMBE,gospel,8,2020-07-11,https://open.spotify.com/track/0BNwxjlG4s5D8riEPVq3MR,0BNwxjlG4s5D8riEPVq3MR,https://i.scdn.co/image/ab67616d0000b273af5febb1129a080d20d81d15
You Deliver Me - 2020 Remastered,George Nooks,gospel,0,2020-04-24,https://open.spotify.com/track/0TjNl9kgNNF38stGogS2ZV,0TjNl9kgNNF38stGogS2ZV,https://i.scdn.co/image/ab67616d0000b273212d90d224b01655ea64017d
Unconditional Love,nina shezz,gospel,2,2022-07-23,https://open.spotify.com/track/4P6OZITzqEgWOrx70KntOV,4P6OZITzqEgWOrx70KntOV,https://i.scdn.co/image/ab67616d0000b27394805fc79a748b0abc3e142d
Jesus Has Risen,Legacy Five,gospel,1,2020-01-01,https://open.spotify.com/track/1gHTqhuNMaHc6JRQ65PjJW,1gHTqhuNMaHc6JRQ65PjJW,https://i.scdn.co/image/ab67616d0000b27330e4b65ff5980a46d7b56e33
Caminho no Deserto,Nívea Soares,gospel,0,2023-11-14,https://open.spotify.com/track/295FP5OJKyGMhplAIgoQan,295FP5OJKyGMhplAIgoQan,https://i.scdn.co/image/ab67616d0000b2738c0120813eb84086dcfc6e97
Ele Me Ouve (Playback),Sophia Vitória,gospel,2,2020-10-26,https://open.spotify.com/track/1OsWZFJOudDRaWRQtM86Os,1OsWZFJOudDRaWRQtM86Os,https://i.scdn.co/image/ab67616d0000b273741d87c12f2eaccb78cf93e9
Chhan Tlak Ka Ni Em Ni,Pensy B Lalthangliani,gospel,2,2021-07-14,https://open.spotify.com/track/3VC85WuWic8fdJ56ftsg4R,3VC85WuWic8fdJ56ftsg4R,https://i.scdn.co/image/ab67616d0000b273ce4055d2a5021cf82217d924
Plus qu'un chant,Ruth Kimongoli,gospel,20,2023-05-24,https://open.spotify.com/track/65Zd9IiIzI84folHGjapSs,65Zd9IiIzI84folHGjapSs,https://i.scdn.co/image/ab67616d0000b2733cc9dc424180ff27508327d0
Tá Chorando Por Quê?,Preto no Branco,gospel,66,2020-08-04,https://open.spotify.com/track/5NsIWuO8yute6RHF3Ij7cE,5NsIWuO8yute6RHF3Ij7cE,https://i.scdn.co/image/ab67616d0000b2738c3337567d9a0b374965dd97
Ven,Los Dandys,rock,0,2021-08-27,https://open.spotify.com/track/3DCT0qwPQSnaA3gRcYRbQ6,3DCT0qwPQSnaA3gRcYRbQ6,https://i.scdn.co/image/ab67616d0000b273493c49e8826e923e7cb35b20
Propongo,Andrés Suárez,rock,20,2020-06-19,https://open.spotify.com/track/6CFttXWy8AMqRtgxIzOXYi,6CFttXWy8AMqRtgxIzOXYi,https://i.scdn.co/image/ab67616d0000b2738412776384bc0418bc14e5d1
True feeling,sana,rock,0,2020-10-28,https://open.spotify.com/track/0qTiVUSloZqjyUhO84Eonw,0qTiVUSloZqjyUhO84Eonw,https://i.scdn.co/image/ab67616d0000b2737525d44de6cbcc6afe0cbd68
La Rosa y la Cruz - En Directo,Los Rebeldes,rock,7,2023-10-13,https://open.spotify.com/track/6rQBAQ3XVs2yZHDgcxwibp,6rQBAQ3XVs2yZHDgcxwibp,https://i.scdn.co/image/ab67616d0000b2732a70bf202976fe5c09147489
Is This Love,Whitesnake,rock,6,2023-02-17,https://open.spotify.com/track/1PhpTLX7LBkxOKaZ14wSYy,1PhpTLX7LBkxOKaZ14wSYy,https://i.scdn.co/image/ab67616d0000b273f7bdfd13d180105d1f8a1bcd
Kapitel 534 - Elric - Die Gesamtausgabe,Michael Moorcock,rock,0,2023-10-01,https://open.spotify.com/track/0lTwNqwZSAHLosI5FWEIdS,0lTwNqwZSAHLosI5FWEIdS,https://i.scdn.co/image/ab67616d0000b273a8291f0afc703a93abe88278
O Bobo da Corte,César Fhópe,rock,0,2023-04-11,https://open.spotify.com/track/2xkO8sByUcFn3x5zaKDEkE,2xkO8sByUcFn3x5zaKDEkE,https://i.scdn.co/image/ab67616d0000b273f45b52b1bb27cadfdfee2a68
This Whole World - Backing Vocals Section,The Beach Boys,rock,7,2021-08-27,https://open.spotify.com/track/6T9TzqZqXcHL1TZWBt5wA7,6T9TzqZqXcHL1TZWBt5wA7,https://i.scdn.co/image/ab67616d0000b273dfa30a29fbc855aa5878e7c8
Réplica (nadie por quien llorar),Altair,rock,3,2022-05-25,https://open.spotify.com/track/5Uu4EpTeUcIGna0S0RnC3p,5Uu4EpTeUcIGna0S0RnC3p,https://i.scdn.co/image/ab67616d0000b273128eed0c38706e72a7bb5eb5
Beat City,Glasvegas,rock,10,2023-08-15,https://open.spotify.com/track/3wcsjJfAMU1BSBeAkWF3KK,3wcsjJfAMU1BSBeAkWF3KK,https://i.scdn.co/image/ab67616d0000b273bfe2c80d38ee17807cee7f08
Lazaegerszeg,Kaukázus,rock,8,2021-12-06,https://open.spotify.com/track/622kNlncDhs7OpBZuIX2m5,622kNlncDhs7OpBZuIX2m5,https://i.scdn.co/image/ab67616d0000b27328e3c2448cfa0c825de830dc
Tomorrow Morning,Isaac Alexander,rock,0,2023-01-01,https://open.spotify.com/track/6Jw13qauM2TFNj8MRp50DS,6Jw13qauM2TFNj8MRp50DS,https://i.scdn.co/image/ab67616d0000b273d63548427ea48749a7dc07df
Unstoppable,Disturbed,rock,0,2022-12-02,https://open.spotify.com/track/7tEBhJbdEqVFz5jGZNpJLW,7tEBhJbdEqVFz5jGZNpJLW,https://i.scdn.co/image/ab67616d0000b27300c2d8adb37af8b97ff2e539
Leo - Live,Flux Capacitor,rock,0,2022-02-02,https://open.spotify.com/track/15TbSaHyLlNuktFNbrL8rO,15TbSaHyLlNuktFNbrL8rO,https://i.scdn.co/image/ab67616d0000b273613a36c74eb59a94089b9645
Santa Lucia - Remastered 2005,Miguel Ríos,rock,0,2023-09-29,https://open.spotify.com/track/1xRZ3UlbpwVqffzWasrtG4,1xRZ3UlbpwVqffzWasrtG4,https://i.scdn.co/image/ab67616d0000b2735a178f1e8f23454cf307e057
Pretty Paper,Roy Orbison,rock,0,2023-12-08,https://open.spotify.com/track/0qQhfRerg0uUJgLBl8rkfz,0qQhfRerg0uUJgLBl8rkfz,https://i.scdn.co/image/ab67616d0000b2735d81b54792ed04a941eb3f43
C'est si bon,Thomas Dutronc,rock,38,2020-06-19,https://open.spotify.com/track/7gWHElHSGXdzBcMogudgzZ,7gWHElHSGXdzBcMogudgzZ,https://i.scdn.co/image/ab67616d0000b273a966152c024eeae210258b15
Shooting Dirty Pool - 2020 Remaster,The Replacements,rock,11,2020-10-09,https://open.spotify.com/track/09rYTuUeVtKpEyRTH81iMA,09rYTuUeVtKpEyRTH81iMA,https://i.scdn.co/image/ab67616d0000b273f2b960a93040790f4e807af0
Sunflower,Eir,rock,0,2023-03-21,https://open.spotify.com/track/7cPm3NowX1rTEsHTYCB4ew,7cPm3NowX1rTEsHTYCB4ew,https://i.scdn.co/image/ab67616d0000b2738671bc17cab4f8feaadd7784
Aqui Começa o Inferno (Ao Vivo),Zumbis Do Espaço,rock,1,2020-03-13,https://open.spotify.com/track/6SqNRPilXnedejNVtiHqgJ,6SqNRPilXnedejNVtiHqgJ,https://i.scdn.co/image/ab67616d0000b2731e898db9ac95d9deb82a08f3
anti-stof,Bisse,rock,0,2020-05-29,https://open.spotify.com/track/6vtkFa5WwlL2aL5RWjSwZt,6vtkFa5WwlL2aL5RWjSwZt,https://i.scdn.co/image/ab67616d0000b2739ff46c7b3b4e3f69c0eb9d5f
Across the Line,The Guess Who,rock,13,2023-06-30,https://open.spotify.com/track/6fEpH40Flchsm7EmZAXqnM,6fEpH40Flchsm7EmZAXqnM,https://i.scdn.co/image/ab67616d0000b27324696e52187ebd4e6be4fd23
Moonlight and Magnolia,Buck Owens,rock,0,2021-08-27,https://open.spotify.com/track/7ivjNpEIWMNyUG8K20wd4V,7ivjNpEIWMNyUG8K20wd4V,https://i.scdn.co/image/ab67616d0000b27342e9a2f313924627b397909b
Aye Aye My My (Into the Fade),Tony Molina,rock,12,2022-08-12,https://open.spotify.com/track/7BVBAgzkjcDkZwL9UtTMM8,7BVBAgzkjcDkZwL9UtTMM8,https://i.scdn.co/image/ab67616d0000b273471a33fd985009e37fc6e264
Amanda,Boston,rock,2,2023-08-18,https://open.spotify.com/track/1z6qdy0R9ZumiSGAtkapYI,1z6qdy0R9ZumiSGAtkapYI,https://i.scdn.co/image/ab67616d0000b27380fed9b9ab4f9b860601dd55
crawling in my skin,Soccer Mommy,rock,32,2020-02-28,https://open.spotify.com/track/1QaLNPUYVtsZHA6lZnmM30,1QaLNPUYVtsZHA6lZnmM30,https://i.scdn.co/image/ab67616d0000b273c330e261afcd6e0ae256f3aa
Tócame,Coda,rock,9,2023-10-27,https://open.spotify.com/track/2Zu5Zvc7lrY8DirWzNdkOV,2Zu5Zvc7lrY8DirWzNdkOV,https://i.scdn.co/image/ab67616d0000b2734164311b06c8ebef51fcc7ee
Ми тут не даремно,VovaZiLvova,rock,15,2022-01-14,https://open.spotify.com/track/777EADfq6RIf2aLDotYraW,777EADfq6RIf2aLDotYraW,https://i.scdn.co/image/ab67616d0000b273801ee521ce52517a0dfbc08f
God Rest Ye Merry Gentlemen,Roger McGuinn,rock,0,2020-12-01,https://open.spotify.com/track/2FiLsvz1bxvVVSqFey759w,2FiLsvz1bxvVVSqFey759w,https://i.scdn.co/image/ab67616d0000b27300bdbded1a5a5711636d6ac1
Respect to the Dancefloor - Live à l'Olympia,Mass Hysteria,rock,0,2020-03-20,https://open.spotify.com/track/2QCtE0UDfm7ucHyRsXwxbI,2QCtE0UDfm7ucHyRsXwxbI,https://i.scdn.co/image/ab67616d0000b273b796e90deefbdbd18cefbee0
Highways Of The Sun - Remastered 2023,Camel,rock,22,2023-11-24,https://open.spotify.com/track/6hNAWU2ftFQhRqSIG8LyKL,6hNAWU2ftFQhRqSIG8LyKL,https://i.scdn.co/image/ab67616d0000b273f82e61ab5074f88d66f72066
Dengang Du Mistede Din Sans For Humor,Sys Bjerre,rock,3,2021-06-04,https://open.spotify.com/track/6KkPfc6BeQeHs3DDHRJ3KL,6KkPfc6BeQeHs3DDHRJ3KL,https://i.scdn.co/image/ab67616d0000b27361e8114989c7f585c42dc26d
Festa da Expiação,Linda Martini,rock,14,2022-02-25,https://open.spotify.com/track/3wg4zmCptJmkzfmO9qjnEm,3wg4zmCptJmkzfmO9qjnEm,https://i.scdn.co/image/ab67616d0000b27372fff3eda71503666a2908ed
Truckin’,Grateful Dead,rock,0,2023-08-24,https://open.spotify.com/track/3sWZYlBQEf8SRS0J5dyQDh,3sWZYlBQEf8SRS0J5dyQDh,https://i.scdn.co/image/ab67616d0000b2735509cb195d7152a11514352e
Youíll Be The One,Mammoth WVH,rock,33,2021-06-11,https://open.spotify.com/track/6hhoF5OJUB274CNkT4G7ZH,6hhoF5OJUB274CNkT4G7ZH,https://i.scdn.co/image/ab67616d0000b273e08bed405110cb049b33c96a
El corazón no suelta,Lika Nova,rock,25,2023-11-02,https://open.spotify.com/track/19YfMtVCoFKL7MFJOt4QY8,19YfMtVCoFKL7MFJOt4QY8,https://i.scdn.co/image/ab67616d0000b273087038441bccfe4957dfed27
Counting Stars,OneRepublic,rock,1,2023-07-26,https://open.spotify.com/track/4cwcTYejwUTBxQQ8HYp2Wn,4cwcTYejwUTBxQQ8HYp2Wn,https://i.scdn.co/image/ab67616d0000b273e3a98df8a026846555180550
Mary On A Cross,Ghost,rock,0,2022-12-17,https://open.spotify.com/track/4azwBMf7r9HDgpsqEzI5FL,4azwBMf7r9HDgpsqEzI5FL,https://i.scdn.co/image/ab67616d0000b273bf751b4ac7cef0bf05ab9711
Trapped & Tired,The Twist Connection,rock,0,2020-03-27,https://open.spotify.com/track/0Dx8UXIuim9tB6UMzcjXkw,0Dx8UXIuim9tB6UMzcjXkw,https://i.scdn.co/image/ab67616d0000b273dbc2b7af6ee9e5cb9df343ee
I'll Be Home for Christmas,Kenny Rogers,rock,0,2023-08-21,https://open.spotify.com/track/4hmdojwJcbDx0QcRTdFj1s,4hmdojwJcbDx0QcRTdFj1s,https://i.scdn.co/image/ab67616d0000b27346d390ead42bad7443a9bce1
Grease - 2006 Remaster,Frankie Valli,rock,14,2022-06-24,https://open.spotify.com/track/4psHDDgcdrupZJE2bZIeVF,4psHDDgcdrupZJE2bZIeVF,https://i.scdn.co/image/ab67616d0000b273b636d6cef7463e8785bdef36
Just Can't Quit You - Live,Cuby & The Blizzards,rock,3,2021-09-03,https://open.spotify.com/track/66pwLiqL6sQQgpc9qOZ4wk,66pwLiqL6sQQgpc9qOZ4wk,https://i.scdn.co/image/ab67616d0000b2738d56e5ee6fc0053b96d8c6f4
"God, Your Mama, And Me",Florida Georgia Line,rock,0,2022-05-06,https://open.spotify.com/track/5HVlfWklvjXuXF8RgjgEnp,5HVlfWklvjXuXF8RgjgEnp,https://i.scdn.co/image/ab67616d0000b273dc1ddeb63fe72ece69552f69
Cena Final,Spidrax,rock,1,2020-05-01,https://open.spotify.com/track/4cR7foATp4cFtv6jFyN1k6,4cR7foATp4cFtv6jFyN1k6,https://i.scdn.co/image/ab67616d0000b2739ceac25692f489f8a3384e76
Kolde Puiestee,Van Gogh,rock,5,2022-05-20,https://open.spotify.com/track/5TPbBdkQ0LcweGsUhsn9c1,5TPbBdkQ0LcweGsUhsn9c1,https://i.scdn.co/image/ab67616d0000b273404a1a3a6e5c8f93e34a5164
Someday,OneRepublic,rock,0,2023-09-22,https://open.spotify.com/track/7kA4lT6cnVN4OXwfylnRA5,7kA4lT6cnVN4OXwfylnRA5,https://i.scdn.co/image/ab67616d0000b273c2d652dd985d8bab2cea68d4
Jesus Built My Hotrod,Ministry,rock,0,2022-01-07,https://open.spotify.com/track/2B3DrYhnGWoa0PFAgapOBx,2B3DrYhnGWoa0PFAgapOBx,https://i.scdn.co/image/ab67616d0000b2732b6b6579717b8ff302fb0e3a
I'm Always Chasing Rainbows,Alice Cooper,rock,0,2023-11-11,https://open.spotify.com/track/6CmggVmtREQkXhH9KcifLH,6CmggVmtREQkXhH9KcifLH,https://i.scdn.co/image/ab67616d0000b2733465f12e0f15293282bc5ff7
Without You,Air Supply,rock,2,2023-12-07,https://open.spotify.com/track/5cdDqrArtvbaNaUVRTV3At,5cdDqrArtvbaNaUVRTV3At,https://i.scdn.co/image/ab67616d0000b2732d4e30e40ca85b4e4ee747aa
Kill The Noise - Acoustic,Papa Roach,rock,45,2021-12-10,https://open.spotify.com/track/7oLfJtNvOFHYo02uProOfr,7oLfJtNvOFHYo02uProOfr,https://i.scdn.co/image/ab67616d0000b273282ff724cf1745f426c1bfb4
Headlock,Lil Wayne,hip-hop,39,2021-10-01,https://open.spotify.com/track/7aEyRTJPEITFrtuq648Mzp,7aEyRTJPEITFrtuq648Mzp,https://i.scdn.co/image/ab67616d0000b27398d1486777ffe90167ebc5b4
Run Away,Chris Miles,hip-hop,11,2020-12-17,https://open.spotify.com/track/6RrRnJ7Ffh1RQgwXww0mTg,6RrRnJ7Ffh1RQgwXww0mTg,https://i.scdn.co/image/ab67616d0000b273e191f79eae0dc1618b3ebda6
So What?,Atay & JAX,hip-hop,7,2021-09-17,https://open.spotify.com/track/2GMO1oCAXtJZrh7iwftcDt,2GMO1oCAXtJZrh7iwftcDt,https://i.scdn.co/image/ab67616d0000b2733e5ca1bf110a8d4eb1ec68c5
Halo,Rahn Harper,hip-hop,0,2022-04-29,https://open.spotify.com/track/7jX08aEZ3xY1VxKAJnrA1d,7jX08aEZ3xY1VxKAJnrA1d,https://i.scdn.co/image/ab67616d0000b27359b4e7ba89dd57569565b7b4
Ti Paizei ?,Taraxias,hip-hop,0,2020-04-26,https://open.spotify.com/track/180c9USJlNEdXeEwKi75eM,180c9USJlNEdXeEwKi75eM,https://i.scdn.co/image/ab67616d0000b273c69eafd00d8cd9657f7c17bc
LIVE MY LIFE (feat. ASHTIN MARTIN),Diamond D,hip-hop,0,2022-08-26,https://open.spotify.com/track/6vrr6WkRV9rMZxDZswpVjS,6vrr6WkRV9rMZxDZswpVjS,https://i.scdn.co/image/ab67616d0000b2734322ef18f3ad9b6289143228
Crazy,Lil Motor,hip-hop,1,2020-08-21,https://open.spotify.com/track/7MIKiD8s3jFR30DQRrT7z7,7MIKiD8s3jFR30DQRrT7z7,https://i.scdn.co/image/ab67616d0000b273561201076c5abe408f718ab4
Borsche,K-Blitz,hip-hop,0,2023-09-29,https://open.spotify.com/track/0BqqOfvgonTbnmURWdxivM,0BqqOfvgonTbnmURWdxivM,https://i.scdn.co/image/ab67616d0000b273878ec6a1b36361775aab7bb8
Alquimia Interlude,NEWPORT,hip-hop,0,2020-12-18,https://open.spotify.com/track/0GOUctMMMlkRIfHEVdjGtf,0GOUctMMMlkRIfHEVdjGtf,https://i.scdn.co/image/ab67616d0000b273f01de18d2f674ac35856e1e1
ØšB Twerk Song (Lowend),Cerop,hip-hop,1,2022-12-11,https://open.spotify.com/track/5CLNtafv6sEYIQLGnW1ib6,5CLNtafv6sEYIQLGnW1ib6,https://i.scdn.co/image/ab67616d0000b273712f173762d7a6555c3433f4
Keep It Up,Status631,hip-hop,0,2021-01-22,https://open.spotify.com/track/1J2O9YOkWH3XpqLneChib5,1J2O9YOkWH3XpqLneChib5,https://i.scdn.co/image/ab67616d0000b273cf488318e75b38e28e4f6a4f
Umarsız,Arda Gezer,hip-hop,25,2020-12-09,https://open.spotify.com/track/3uItX11FSL42cNt6y73q9h,3uItX11FSL42cNt6y73q9h,https://i.scdn.co/image/ab67616d0000b273b07dccf829dbd30cec88602d
Real Mexicana,Hispana,hip-hop,16,2022-04-08,https://open.spotify.com/track/7ylqnDFUwjDxgHgQ8mar7C,7ylqnDFUwjDxgHgQ8mar7C,https://i.scdn.co/image/ab67616d0000b2738a6800c9f3ed84bcfd8f5356
TFTH,Big Remo,hip-hop,0,2023-07-26,https://open.spotify.com/track/7neeqeG18BjkTryr5pCbpW,7neeqeG18BjkTryr5pCbpW,https://i.scdn.co/image/ab67616d0000b273f3c334617978440203b6a770
Took a MF Chance,Jakk Quill,hip-hop,0,2021-03-06,https://open.spotify.com/track/3dI92whdWXjvx5XkTSVRzz,3dI92whdWXjvx5XkTSVRzz,https://i.scdn.co/image/ab67616d0000b273a80dc4ada2d6b0a7839507ac
Are You Ready For Love? - Extended Mix,Twism,hip-hop,0,2020-04-20,https://open.spotify.com/track/3mOogkSbaSY8ZEwG5mGuyd,3mOogkSbaSY8ZEwG5mGuyd,https://i.scdn.co/image/ab67616d0000b273064555db88596dc442da9731
Saurus,LCone,hip-hop,40,2020-05-01,https://open.spotify.com/track/5EgbhxBf62AoESrerzuY5t,5EgbhxBf62AoESrerzuY5t,https://i.scdn.co/image/ab67616d0000b273fbfeac9084e6e77695142c99
High Rise,Jonathan Cloud,hip-hop,0,2021-11-19,https://open.spotify.com/track/3bwzsy4qXD5zFZgzbTnB6t,3bwzsy4qXD5zFZgzbTnB6t,https://i.scdn.co/image/ab67616d0000b273ed08043e03acdf5017b66562
Super Gremlin,Kodak Black,hip-hop,1,2023-02-18,https://open.spotify.com/track/5OutaPZR9wu6ANkFE5uU2Q,5OutaPZR9wu6ANkFE5uU2Q,https://i.scdn.co/image/ab67616d0000b273e099bb385c1996415d652024
Unuttum - Akustik,İmpala,hip-hop,35,2022-12-23,https://open.spotify.com/track/0792hxTjx6vnTrsmbdWVz7,0792hxTjx6vnTrsmbdWVz7,https://i.scdn.co/image/ab67616d0000b273cc7060c4cc979c7629ea32bf
Ostatnia nadzieja,Głowa PMM,hip-hop,10,2022-02-25,https://open.spotify.com/track/7E9FmoYuEU03jZ4c0lWoft,7E9FmoYuEU03jZ4c0lWoft,https://i.scdn.co/image/ab67616d0000b2730884b01ba8ef177940b6fa5e
Aim Different,PETTY,hip-hop,0,2021-02-28,https://open.spotify.com/track/36GSnf9JkothLyTicHCHbo,36GSnf9JkothLyTicHCHbo,https://i.scdn.co/image/ab67616d0000b273ac79f7192f06c8142211fc55
Dragon's Mouth,Bryan Bandit,hip-hop,0,2021-11-30,https://open.spotify.com/track/3vnOQTSnF0nHvvxsdb5k8F,3vnOQTSnF0nHvvxsdb5k8F,https://i.scdn.co/image/ab67616d0000b27395c3f58cfd046eaf3fd92073
NO CONDOM,DaBaby,hip-hop,5,2022-09-23,https://open.spotify.com/track/4kgGsRVpNoQnIgVRQyWT39,4kgGsRVpNoQnIgVRQyWT39,https://i.scdn.co/image/ab67616d0000b273568e85b6e4414a24d9dbebcf
Drug Runs,Ponae,hip-hop,1,2020-08-24,https://open.spotify.com/track/3rKJoJDTB4D0aqpVy8t8eP,3rKJoJDTB4D0aqpVy8t8eP,https://i.scdn.co/image/ab67616d0000b273cb4058e13eed62905d876543
Numbers on the Brain,Frankie Stew and Harvey Gunn,hip-hop,31,2021-03-19,https://open.spotify.com/track/6Xe2SLlf4CvPsky6Lks6do,6Xe2SLlf4CvPsky6Lks6do,https://i.scdn.co/image/ab67616d0000b27391d2a2d698cf1f10229b8b47
Ми тут не даремно,VovaZiLvova,hip-hop,15,2022-01-14,https://open.spotify.com/track/777EADfq6RIf2aLDotYraW,777EADfq6RIf2aLDotYraW,https://i.scdn.co/image/ab67616d0000b273801ee521ce52517a0dfbc08f
Convo Wit West,Kane Wave,hip-hop,0,2020-09-20,https://open.spotify.com/track/4tkEEHgRJPkgh4jjgxGgSc,4tkEEHgRJPkgh4jjgxGgSc,https://i.scdn.co/image/ab67616d0000b27367f1cb36dcae0a59d4ab3179
Fake Friends,Zelijah,hip-hop,0,2021-06-17,https://open.spotify.com/track/2UQvtGJUCsDLGZzBfiJO1T,2UQvtGJUCsDLGZzBfiJO1T,https://i.scdn.co/image/ab67616d0000b273add168d46ad33c79634bcea1
Hoy Me Vuelvo Solo - Chef Cheeza Remix,Latex Diamond,hip-hop,1,2021-12-21,https://open.spotify.com/track/55sVxRtMxeiawQpsI3FZN6,55sVxRtMxeiawQpsI3FZN6,https://i.scdn.co/image/ab67616d0000b2732765b9520421b53f5a698141
Dänked nöd a morn - Instrumental,Gsezhlos,hip-hop,0,2020-08-08,https://open.spotify.com/track/7dR0pMRcQKUvydxlxWSBGy,7dR0pMRcQKUvydxlxWSBGy,https://i.scdn.co/image/ab67616d0000b27393a20f6626ef035a4b82ab55
Sterling,Andrew Regis,hip-hop,0,2022-12-22,https://open.spotify.com/track/5lAlwmwrNDckRzd6ovZeFW,5lAlwmwrNDckRzd6ovZeFW,https://i.scdn.co/image/ab67616d0000b2731d6d2f21a594b9979135425c
DADDY ISCH ANDERST,L Loko,hip-hop,26,2024-02-02,https://open.spotify.com/track/6EgS4881D14FXe5pvsTxZW,6EgS4881D14FXe5pvsTxZW,https://i.scdn.co/image/ab67616d0000b273644a93d6f9a942e7fa069135
DAWASALKAPOT,Nag,hip-hop,15,2024-03-10,https://open.spotify.com/track/3LKZ32UWypedOMIaygl1Hq,3LKZ32UWypedOMIaygl1Hq,https://i.scdn.co/image/ab67616d0000b273af5e8d0d66d7eac5b22f365b
38,9th Wonder,hip-hop,14,2023-12-25,https://open.spotify.com/track/4nEeZKpy5h54wJ6giSQ4gu,4nEeZKpy5h54wJ6giSQ4gu,https://i.scdn.co/image/ab67616d0000b273e72f09485ffdf86f6bcb2d2d
Снежная королева,Zaman,hip-hop,0,2020-11-13,https://open.spotify.com/track/0dFy9q9AsAWjqAAyjrFuIv,0dFy9q9AsAWjqAAyjrFuIv,https://i.scdn.co/image/ab67616d0000b273c618652564f99e267374e82e
Bensiz,Ohash,hip-hop,37,2023-12-08,https://open.spotify.com/track/0xguPrraHdQ1AVxBMJqFjJ,0xguPrraHdQ1AVxBMJqFjJ,https://i.scdn.co/image/ab67616d0000b27312cdfbd0f9f59fd7dafa4fd1
Odty,Mandou,hip-hop,0,2023-05-12,https://open.spotify.com/track/1S9m3NfUiXH05jq8rFy9V1,1S9m3NfUiXH05jq8rFy9V1,https://i.scdn.co/image/ab67616d0000b27322b02a745bc035064a3dd7ff
Groove,Miły ATZ,hip-hop,15,2022-02-16,https://open.spotify.com/track/48zNt2xbx4w8qCRGuqS9ix,48zNt2xbx4w8qCRGuqS9ix,https://i.scdn.co/image/ab67616d0000b273502df1185cee3e3769c50bfc
סרטים,Peled,hip-hop,20,2020-07-07,https://open.spotify.com/track/7yUvQbefFMex4U7JfRSe6V,7yUvQbefFMex4U7JfRSe6V,https://i.scdn.co/image/ab67616d0000b2733c092922dbfbe506b9b4e6cf
Act Honest,Asoh Black!,hip-hop,1,2021-08-27,https://open.spotify.com/track/2KUSCWNDOtD08zWJ6QPbwd,2KUSCWNDOtD08zWJ6QPbwd,https://i.scdn.co/image/ab67616d0000b273efcff83e16bf3bd5f6e135e9
Homies,nans,hip-hop,18,2022-11-18,https://open.spotify.com/track/4sTYBSzNKpxBlsT4ukIG7l,4sTYBSzNKpxBlsT4ukIG7l,https://i.scdn.co/image/ab67616d0000b273a7a98dbfe67acdbeab14bc67
Mal Camino,Ivancano,hip-hop,7,2021-08-06,https://open.spotify.com/track/5mDvgIC9HkRyLN29ROhCDx,5mDvgIC9HkRyLN29ROhCDx,https://i.scdn.co/image/ab67616d0000b27373ded6f357d82defa35046e7
No Offence,WEN,hip-hop,30,2021-07-09,https://open.spotify.com/track/1hs5TCr1VMjXncaPYuhCn4,1hs5TCr1VMjXncaPYuhCn4,https://i.scdn.co/image/ab67616d0000b27396f769a8025905ff38f18796
Walkin,Ant Wan,hip-hop,44,2021-10-14,https://open.spotify.com/track/1Gv6VwTfoJidgPQcSZEVsH,1Gv6VwTfoJidgPQcSZEVsH,https://i.scdn.co/image/ab67616d0000b27327649d2cde9c70361b5e8df9
Without Me,Eminem,hip-hop,44,2022-05-26,https://open.spotify.com/track/2w3ZAK00v15FMnJpyFN4GY,2w3ZAK00v15FMnJpyFN4GY,https://i.scdn.co/image/ab67616d0000b273a18291a1854b9b6371ff9663
Last Last,Burna Boy,hip-hop,1,2023-02-17,https://open.spotify.com/track/3c9sHzj5P4HCHyQkoWGGYf,3c9sHzj5P4HCHyQkoWGGYf,https://i.scdn.co/image/ab67616d0000b273f71cfb6ea928f2a9fb720267
Don't Stop,The Mouse Outfit,hip-hop,15,2021-08-13,https://open.spotify.com/track/1XIC5WrKOoEAHWTycSBauh,1XIC5WrKOoEAHWTycSBauh,https://i.scdn.co/image/ab67616d0000b27354fd829bdbc814d177001780
RESPEC & PROTEC,Pryde,hip-hop,24,2020-02-15,https://open.spotify.com/track/0lwCO8qUDizrPHTTaHSU0B,0lwCO8qUDizrPHTTaHSU0B,https://i.scdn.co/image/ab67616d0000b273d6251437591e94eec0200172
Sport Plus (feat. Ra'is),Azzi Memo,hip-hop,22,2022-09-15,https://open.spotify.com/track/63KvaFOUgzOw3YU2kCa8Yw,63KvaFOUgzOw3YU2kCa8Yw,https://i.scdn.co/image/ab67616d0000b2733e68c0c67723b73747080253
Bossa Trombone Soundtrack for Sunday Brunch,Hotel Lobby Jazz Group,jazz,0,2021-09-15,https://open.spotify.com/track/2LgfD3w00feqFpgONTZxmX,2LgfD3w00feqFpgONTZxmX,https://i.scdn.co/image/ab67616d0000b273411f0583f042ca07b34347b8
Music for Staying Strong,Slow Relaxing Jazz,jazz,0,2020-04-20,https://open.spotify.com/track/4n9EudsVMLABVU0wHVyAmo,4n9EudsVMLABVU0wHVyAmo,https://i.scdn.co/image/ab67616d0000b2737dcbf2aabdc8370cb25873a4
Cottage Secret,Study Jazz Cafe,jazz,0,2022-09-26,https://open.spotify.com/track/41WnZBznQWAmNnLNgDOpzN,41WnZBznQWAmNnLNgDOpzN,https://i.scdn.co/image/ab67616d0000b2731a5f3362f84892aa565214e9
Romantic Ambiance for Work from Home,Smooth Jazz New York,jazz,0,2020-11-03,https://open.spotify.com/track/5jBNND5dnQfjUSZ1IwqR3i,5jBNND5dnQfjUSZ1IwqR3i,https://i.scdn.co/image/ab67616d0000b273576bcea222847f3068bd54b8
Trio Jazz Soundtrack for Monday and Chillout,Cafe Music Deluxe,jazz,0,2023-02-24,https://open.spotify.com/track/222ZlilqKK0KypsbBQc0M5,222ZlilqKK0KypsbBQc0M5,https://i.scdn.co/image/ab67616d0000b2737b8f44516ce3f9d9ea80bec5
Sunny Music for Music,Cafe Jazz Deluxe,jazz,0,2023-10-25,https://open.spotify.com/track/6JtHTzTr9HmgB5Wbqmc5yw,6JtHTzTr9HmgB5Wbqmc5yw,https://i.scdn.co/image/ab67616d0000b273a8340998a570ea1f59abde9b
Gentle Chorus,Coffee House Jazz Club,jazz,6,2023-07-03,https://open.spotify.com/track/5ZaUmCQNrH6fnGXvp7fNB2,5ZaUmCQNrH6fnGXvp7fNB2,https://i.scdn.co/image/ab67616d0000b27308abb50e460db1e2fc737b41
Without A Song,Billy Eckstine,jazz,0,2022-11-04,https://open.spotify.com/track/6EsIP8BU1NMgXvRNgerwt7,6EsIP8BU1NMgXvRNgerwt7,https://i.scdn.co/image/ab67616d0000b273e772c7dadb9052f605b84a99
Background for Seasonal Recharge,Bossa Lounge Deluxe,jazz,0,2023-06-21,https://open.spotify.com/track/5j9r4xqFUTQIczl1rz99LY,5j9r4xqFUTQIczl1rz99LY,https://i.scdn.co/image/ab67616d0000b273b87c6157c6f37beac6ad30ef
Friendly Ambiance for Concentration for Work,Cafe Music Deluxe,jazz,0,2023-05-10,https://open.spotify.com/track/4IQwF2sA1mwNJw69wGIHa1,4IQwF2sA1mwNJw69wGIHa1,https://i.scdn.co/image/ab67616d0000b273796dbf15ef5ff48064a6bb2e
Wicked Ambiance for Wild Morning,Coffee Shop Jazz Relax,jazz,0,2022-10-29,https://open.spotify.com/track/6fui4SIGmWZmDv70xhd1ZF,6fui4SIGmWZmDv70xhd1ZF,https://i.scdn.co/image/ab67616d0000b273665727fe590f4a4f317b9e6b
Marvellous Backdrops for Serious Surprises,Relaxing Jazz Nights,jazz,0,2023-05-02,https://open.spotify.com/track/50FLuOiEFiBJGwSZvq57tn,50FLuOiEFiBJGwSZvq57tn,https://i.scdn.co/image/ab67616d0000b2734133fd37f84bcdb1fd3477eb
Scintillating Moods for Quiet Wednesdays,Smooth Jazz New York,jazz,0,2023-07-23,https://open.spotify.com/track/2V7UggvpJ5ei79eMuYxrj1,2V7UggvpJ5ei79eMuYxrj1,https://i.scdn.co/image/ab67616d0000b2730b6a2cc7b01acdadcce92754
Relaxed Ambiance for Cafe Bars,Coffee House Instrumental Jazz Playlist,jazz,0,2022-01-20,https://open.spotify.com/track/7sz20aKZTnJsvr1T392Ydx,7sz20aKZTnJsvr1T392Ydx,https://i.scdn.co/image/ab67616d0000b273573c655f8d307652c7ea8ca6
Lonely Repose Future,Easy Listening Background Music,jazz,0,2023-04-29,https://open.spotify.com/track/5oJbft1wUbEqY2jCuyQmRY,5oJbft1wUbEqY2jCuyQmRY,https://i.scdn.co/image/ab67616d0000b2737109051afe84f157647bbee7
Air Jazz,Dinner Jazz Lounge Background Music,jazz,0,2022-04-28,https://open.spotify.com/track/36TCHPEOqXCIBMurZ4zNiw,36TCHPEOqXCIBMurZ4zNiw,https://i.scdn.co/image/ab67616d0000b2733eb426cfcf41818b642fb5c7
Hip Ambiance for Knowing Essentials,Cafe Restaurant Music,jazz,0,2023-01-24,https://open.spotify.com/track/3NOgNJbQw5NWpC2Jjz0Uw2,3NOgNJbQw5NWpC2Jjz0Uw2,https://i.scdn.co/image/ab67616d0000b273f3f9c538133aff85ab3e7322
Unbound,Mark Feldman,jazz,0,2021-02-12,https://open.spotify.com/track/0gKmNUBIT0uf34AJi8DBhq,0gKmNUBIT0uf34AJi8DBhq,https://i.scdn.co/image/ab67616d0000b273da469564aa8c7145fe931dd1
Heavenly Backdrops for Fall Seasons,Coffee Shop Jazz Relax,jazz,0,2022-09-03,https://open.spotify.com/track/3cM7k5KWnGhtUyVGVl8k0x,3cM7k5KWnGhtUyVGVl8k0x,https://i.scdn.co/image/ab67616d0000b273fd5f9bcc0e8e7de583cdcdb5
Casanova and Lorenzo - Live,Iiro Rantala,jazz,9,2023-05-26,https://open.spotify.com/track/7bnzgV4FkPZwpKzWVlbA5I,7bnzgV4FkPZwpKzWVlbA5I,https://i.scdn.co/image/ab67616d0000b2736b1de30ba3c6a78db965068a
Urbane Moods for Work Moods,Slow Relaxing Jazz,jazz,0,2022-01-17,https://open.spotify.com/track/5zhamsqMHAZBginsBT9IuK,5zhamsqMHAZBginsBT9IuK,https://i.scdn.co/image/ab67616d0000b27384c04c3c8c73fac9dcebc76c
Tranquil Moods for Afternoon Coffee,Cafe Jazz Duo,jazz,0,2021-06-11,https://open.spotify.com/track/5rb34S4zAjWh0x8Njo1HGe,5rb34S4zAjWh0x8Njo1HGe,https://i.scdn.co/image/ab67616d0000b2735ae5ba683450c61cacebbe43
Awesome Classic Hotels and Resorts,Chillout Jazz Deluxe,jazz,0,2022-10-27,https://open.spotify.com/track/4wqEtGymln1zPalv2W8bjt,4wqEtGymln1zPalv2W8bjt,https://i.scdn.co/image/ab67616d0000b273b91e19a74d5502ffaecacb06
Ride Expert,Instrumental Jazz Music Ambient,jazz,0,2023-06-13,https://open.spotify.com/track/14W0lcb86O7GAwftyp3FJy,14W0lcb86O7GAwftyp3FJy,https://i.scdn.co/image/ab67616d0000b273b5e0649bc58481adac73255f
Simplistic Music for Balancing Stars,Study Jazz,jazz,0,2023-01-14,https://open.spotify.com/track/09bXqv34xxX1Bec86wXSdw,09bXqv34xxX1Bec86wXSdw,https://i.scdn.co/image/ab67616d0000b2734957c46053d14703a39cfccd
Snooze,Soupbox,jazz,1,2022-08-26,https://open.spotify.com/track/4ChbHNAKMpSVEc23ZvkKZ2,4ChbHNAKMpSVEc23ZvkKZ2,https://i.scdn.co/image/ab67616d0000b2730dec82ac7fe9509cac7ea50d
Underground Mall,Sunday Jazz Cafe Lounge,jazz,0,2022-09-19,https://open.spotify.com/track/1gqttBcTa4dzlWkKTwyrqt,1gqttBcTa4dzlWkKTwyrqt,https://i.scdn.co/image/ab67616d0000b2737c9558fa1e3d63b3336dddb5
Vivacious Moods for Coffee and Study Moods,Relaxing Instrumental Jazz Cafe,jazz,0,2022-04-21,https://open.spotify.com/track/35FDmW12d4YQHd4JUDpon1,35FDmW12d4YQHd4JUDpon1,https://i.scdn.co/image/ab67616d0000b273838da21f855da38af1e9b895
Bright Homework,Background Jazz Music,jazz,0,2020-10-30,https://open.spotify.com/track/7jf8BJsrdGyG2eC2Yjee2h,7jf8BJsrdGyG2eC2Yjee2h,https://i.scdn.co/image/ab67616d0000b273bfded490b62933d83eb3305e
Fiery Moods for Calming Rain,Jazz Instrumental Chill,jazz,0,2022-09-16,https://open.spotify.com/track/5TmCLjq1D6V0Bp9a8BsAay,5TmCLjq1D6V0Bp9a8BsAay,https://i.scdn.co/image/ab67616d0000b273ffcc9e43a52b0cbf6d9477b1
Jazz Guitar Soundtrack for Dreamy Days,Good Morning Jazz Cafe,jazz,0,2023-02-01,https://open.spotify.com/track/3Gl4G8RDsuK5dDzkCIJDBr,3Gl4G8RDsuK5dDzkCIJDBr,https://i.scdn.co/image/ab67616d0000b27358f8524e4f808b347c304cdd
Carefree Bgm for Restaurants,Saturday Morning Jazz Playlist,jazz,0,2020-07-01,https://open.spotify.com/track/3Iw8fteUCuZxrmVWZSSvtb,3Iw8fteUCuZxrmVWZSSvtb,https://i.scdn.co/image/ab67616d0000b273fa2061ecf11b092016a97877
Spectacular Ambience for Coffee Brew,Hotel Lobby Jazz Group,jazz,0,2022-04-26,https://open.spotify.com/track/78Oz5FybTib9BH5S4EMWoJ,78Oz5FybTib9BH5S4EMWoJ,https://i.scdn.co/image/ab67616d0000b273d022f2edb5de9d8a82a61344
Glorious Music for Pumpkin Spice Coffee,Cafe Jazz Deluxe,jazz,0,2021-10-10,https://open.spotify.com/track/1PousHkE0NHXZmQ9x0Khcq,1PousHkE0NHXZmQ9x0Khcq,https://i.scdn.co/image/ab67616d0000b273e9bb259bf4c4c87ec09c340b
Land of Love - Alternative Mix,Soulstance,jazz,2,2022-01-07,https://open.spotify.com/track/4FSA3wd1cNxXoFb3lMokOz,4FSA3wd1cNxXoFb3lMokOz,https://i.scdn.co/image/ab67616d0000b273907288336f11304532f289ee
Soulful Melodies,Chillout Jazz Deluxe,jazz,0,2023-07-19,https://open.spotify.com/track/2hvcp2huXf28uXgn778Iby,2hvcp2huXf28uXgn778Iby,https://i.scdn.co/image/ab67616d0000b27374f903d2f415bb25e1460e46
Background for Sounds of Success,Relaxing Piano Jazz,jazz,0,2022-11-01,https://open.spotify.com/track/07a7J2bW9b4cAmCKx1TEvv,07a7J2bW9b4cAmCKx1TEvv,https://i.scdn.co/image/ab67616d0000b273dd0de6432677fe2178d86ac4
Suave Music for Energetic Together,Santiago Lorenzo Amor,jazz,0,2023-02-18,https://open.spotify.com/track/1rTY0ULKelHVKKV1hBkUdD,1rTY0ULKelHVKKV1hBkUdD,https://i.scdn.co/image/ab67616d0000b273538d5844c14a3683ca5b956e
Classic Ambience for Sweet Downtempo,Bossa Cafe Deluxe,jazz,0,2022-10-03,https://open.spotify.com/track/6HsTuqkgRjAfMXCQryagoA,6HsTuqkgRjAfMXCQryagoA,https://i.scdn.co/image/ab67616d0000b2734d61a8eef4280d8721c4f2fa
Peaceful Steady Focus,Essential Dinner Party Background Music,jazz,0,2022-08-03,https://open.spotify.com/track/2lZOK8fKlIqC54wXefwl3O,2lZOK8fKlIqC54wXefwl3O,https://i.scdn.co/image/ab67616d0000b273dacdf74f76646af95e796520
Number One Music for Long Black Coffee,Deluxe Cafe Jazz Duo,jazz,0,2022-10-05,https://open.spotify.com/track/0zn6R0uyGiEu1cb3acOrPg,0zn6R0uyGiEu1cb3acOrPg,https://i.scdn.co/image/ab67616d0000b27372a1890b32131663f5e81a6d
Background for Cute Celebration,Coffee House Instrumental Jazz Playlist,jazz,0,2022-11-18,https://open.spotify.com/track/48SpjeD9eGjOkqxK8tNuqG,48SpjeD9eGjOkqxK8tNuqG,https://i.scdn.co/image/ab67616d0000b273c862dbdab6ec644e9b848f3d
Peaceful Piano Duo and Alto Sax - Vibe for Delightful Nights,Instrumental Chill Jazz,jazz,0,2022-10-29,https://open.spotify.com/track/1gSiyyguBUCrBnEYy9MMlU,1gSiyyguBUCrBnEYy9MMlU,https://i.scdn.co/image/ab67616d0000b273dfa89a6d6b8daf547cd156fe
Distinguished Saxophone Jazz - Vibe for Comfort Devotion,Tokyo Bebop Jazz Playlist,jazz,0,2022-12-04,https://open.spotify.com/track/79Eh8xetMHBUCxqoCVMYuS,79Eh8xetMHBUCxqoCVMYuS,https://i.scdn.co/image/ab67616d0000b27302666e4a02f47a44029bf2ed
Paradise Like Music for Echo,Chillout Jazz Deluxe,jazz,0,2022-10-18,https://open.spotify.com/track/6VPX1G92wvTK3kguTpjWTv,6VPX1G92wvTK3kguTpjWTv,https://i.scdn.co/image/ab67616d0000b273a49b80028bee6a22eb537baa
I Can't Get Mississippi off My Mind,The Dorsey Brothers,jazz,0,2020-02-05,https://open.spotify.com/track/4D4UeMQMYj85QZEkC9Ay14,4D4UeMQMYj85QZEkC9Ay14,https://i.scdn.co/image/ab67616d0000b273567bd993ccc97894218a0a61
Lonely Moods for End of Summer Vacation,Tokyo Bebop Jazz Playlist,jazz,0,2022-09-09,https://open.spotify.com/track/1DdoNXpnx6jbiuFw4HOECO,1DdoNXpnx6jbiuFw4HOECO,https://i.scdn.co/image/ab67616d0000b27303f05188fab748858ab25931
Background for Autumn Moods,Background Jazz Music,jazz,0,2021-11-10,https://open.spotify.com/track/3IoV1yrzfpzDJz8FOxPYzn,3IoV1yrzfpzDJz8FOxPYzn,https://i.scdn.co/image/ab67616d0000b273df3e85a4e4d9747b46cc4077
Autumn Lemon Colored Luxury Never Stops,Lars Christian Lundholm,jazz,0,2023-05-08,https://open.spotify.com/track/37lH65Sa9E40fyLMhduren,37lH65Sa9E40fyLMhduren,https://i.scdn.co/image/ab67616d0000b273055329ee02f1bd3b16369ead
Easy Ambience for Chill Summer Time,Relaxing Instrumental Jazz and Coffee,jazz,0,2022-08-07,https://open.spotify.com/track/4NVU63SabkZePT6erBOWNf,4NVU63SabkZePT6erBOWNf,https://i.scdn.co/image/ab67616d0000b2732c08ac0e0fb25d808c851811
Steal the Crumbs,Uncle Tupelo,country,0,2022-04-22,https://open.spotify.com/track/50lTqSlGba3XSjQ5vdyqkH,50lTqSlGba3XSjQ5vdyqkH,https://i.scdn.co/image/ab67616d0000b2731d5523b3ce4b43efcd2a4080
Grandis og øl!,Ausekarane,country,9,2022-06-24,https://open.spotify.com/track/6Ud1b350q3V1aDdGXHZj6q,6Ud1b350q3V1aDdGXHZj6q,https://i.scdn.co/image/ab67616d0000b273a5db09cc0e4d755cd91ec6a8
The Gambler,Kenny Rogers,country,1,2023-07-07,https://open.spotify.com/track/6q3qfPNgQSDyN2BstsHwKs,6q3qfPNgQSDyN2BstsHwKs,https://i.scdn.co/image/ab67616d0000b273b08cba209e8c4b993d430a05
Am I Right Or Wrong?,Son House,country,0,2020-05-26,https://open.spotify.com/track/59ffIIE7970hYSf5oMTLtu,59ffIIE7970hYSf5oMTLtu,https://i.scdn.co/image/ab67616d0000b273e8de0abe08c89f63bef481d1
Go Tell It on the Mountain,Clay Walker,country,0,2023-06-26,https://open.spotify.com/track/4dVIgTYl0flz7DZjQXi26g,4dVIgTYl0flz7DZjQXi26g,https://i.scdn.co/image/ab67616d0000b273ab627b3241edd63a0ce04c38
Straight Tequila Night,Ashley McBryde,country,33,2022-08-05,https://open.spotify.com/track/6rM6byRRxL2BZEKJ4UMNBl,6rM6byRRxL2BZEKJ4UMNBl,https://i.scdn.co/image/ab67616d0000b2731ec11205609e744599a5c497
The Alley Crap Game,Tampa Red,country,0,2020-09-07,https://open.spotify.com/track/49R8djReGVHNEas94IONQZ,49R8djReGVHNEas94IONQZ,https://i.scdn.co/image/ab67616d0000b273c6927c1aeb23f083332b1f17
Speechless,Dan + Shay,country,0,2023-02-24,https://open.spotify.com/track/6g4tyUOEF67gBq90U2g1m9,6g4tyUOEF67gBq90U2g1m9,https://i.scdn.co/image/ab67616d0000b2739f8fc0c720fe5afc2c09da81
Can't Nobody,Mackenzie Carpenter,country,0,2023-11-17,https://open.spotify.com/track/3cWxyPNgXcOzVOW1alafLy,3cWxyPNgXcOzVOW1alafLy,https://i.scdn.co/image/ab67616d0000b27377c195fda169eba8478c1193
Shine Your Light,Charlie Landsborough,country,1,2020-11-27,https://open.spotify.com/track/3fsnsmcRDLHuV8Nrjf2OBd,3fsnsmcRDLHuV8Nrjf2OBd,https://i.scdn.co/image/ab67616d0000b273daffa51d4834f860f3ab4107
Before She Changes Her Mind,Clay Hollis,country,13,2022-11-18,https://open.spotify.com/track/7oZ6QH1UWbJvpUaRaKB2Gg,7oZ6QH1UWbJvpUaRaKB2Gg,https://i.scdn.co/image/ab67616d0000b27348175b603f366a707777463e
It's Amazing,Tyler Wood,country,13,2021-10-01,https://open.spotify.com/track/0jqmmPY7qnFEEFunUZtNp5,0jqmmPY7qnFEEFunUZtNp5,https://i.scdn.co/image/ab67616d0000b273bfbbb805e396e4d7719dbc54
I Hope You’re Happy Now,Carly Pearce,country,10,2022-11-18,https://open.spotify.com/track/5WAxevygaTSSeDjk4YigD1,5WAxevygaTSSeDjk4YigD1,https://i.scdn.co/image/ab67616d0000b2736530620470e9ac11cf174416
Knee On,Clayton Shay,country,23,2021-04-28,https://open.spotify.com/track/2Ls3eAK8JioZRuyI508fIn,2Ls3eAK8JioZRuyI508fIn,https://i.scdn.co/image/ab67616d0000b2738e632ed3ecd353ebc089f106
Park the Pickup (Kiss the Girl),Chad Brock,country,0,2022-04-08,https://open.spotify.com/track/2ZrBRPUKJ1mvYWdZ1Rs27M,2ZrBRPUKJ1mvYWdZ1Rs27M,https://i.scdn.co/image/ab67616d0000b273df2a52adda288bf9cdb360c4
Life is a Highway,Rascal Flatts,country,2,2022-03-08,https://open.spotify.com/track/69gsZDYa8aShnXZ67EBvq7,69gsZDYa8aShnXZ67EBvq7,https://i.scdn.co/image/ab67616d0000b273add30b7590231675878e93ef
She Had Me at Heads Carolina,Cole Swindell,country,2,2023-05-25,https://open.spotify.com/track/3ozcTxpJs7MwxhUZlxEfg7,3ozcTxpJs7MwxhUZlxEfg7,https://i.scdn.co/image/ab67616d0000b273e4de701f00bda424872b858c
"God, Your Mama, And Me",Florida Georgia Line,country,0,2022-05-06,https://open.spotify.com/track/5HVlfWklvjXuXF8RgjgEnp,5HVlfWklvjXuXF8RgjgEnp,https://i.scdn.co/image/ab67616d0000b273dc1ddeb63fe72ece69552f69
Robby,Sarah Lee Langford,country,0,2022-09-23,https://open.spotify.com/track/5MV4vf3MsG9hMhXMePxJk4,5MV4vf3MsG9hMhXMePxJk4,https://i.scdn.co/image/ab67616d0000b273fc7f0726db8d6b3ad06011a6
Watermelon,sKitz Kraven,country,27,2022-12-23,https://open.spotify.com/track/3BhHpAmMrQZWUFL4gAvcqZ,3BhHpAmMrQZWUFL4gAvcqZ,https://i.scdn.co/image/ab67616d0000b2735cc41e16301478c3c71e2705
Long Train Runnin’,The Doobie Brothers,country,0,2023-06-02,https://open.spotify.com/track/504A29C454s55HsyMX6lMx,504A29C454s55HsyMX6lMx,https://i.scdn.co/image/ab67616d0000b2736af1de9349caf6023410e5ce
Leave The Night On,Sam Hunt,country,1,2021-06-04,https://open.spotify.com/track/1IO5OWlyi1yqeNeOdxCGIv,1IO5OWlyi1yqeNeOdxCGIv,https://i.scdn.co/image/ab67616d0000b2736e9645d3b6d35963153bb505
Some Girls - Acoustic,Jameson Rodgers,country,33,2020-02-07,https://open.spotify.com/track/6C2d77cnFFiVPUTsjbJ5t2,6C2d77cnFFiVPUTsjbJ5t2,https://i.scdn.co/image/ab67616d0000b27353d335b78894be22f92b63c0
Long Line of Love,Michael Martin Murphey,country,2,2023-08-24,https://open.spotify.com/track/4J1OqnkUTdvMqd6edCmZdx,4J1OqnkUTdvMqd6edCmZdx,https://i.scdn.co/image/ab67616d0000b273386069246cb96562bc0ceea8
Have I Told You Lately That I Love You,Mickey Gilley,country,11,2023-04-19,https://open.spotify.com/track/2QXrjWVgn9PhQdWOUi1uqD,2QXrjWVgn9PhQdWOUi1uqD,https://i.scdn.co/image/ab67616d0000b273246419cbb399ed707acebaa6
Small Town On It (feat. Chris Lane & Scotty McCreery),HIXTAPE,country,32,2021-10-08,https://open.spotify.com/track/2QiFOU38C8ZysPm688FBML,2QiFOU38C8ZysPm688FBML,https://i.scdn.co/image/ab67616d0000b27367b5350502815ba4ea62c497
I Can't Help It,Johnny Cash,country,27,2024-02-23,https://open.spotify.com/track/3MOoR1g6AD1kPoMY31X2pE,3MOoR1g6AD1kPoMY31X2pE,https://i.scdn.co/image/ab67616d0000b273d2b7076dc84327d5e74159a3
Trainwreck,Ashland Craft,country,22,2020-04-24,https://open.spotify.com/track/1KF1HgToGovteLef5AqjZq,1KF1HgToGovteLef5AqjZq,https://i.scdn.co/image/ab67616d0000b273d74b3c9267d5398134a1dc6e
I Was Neon,Julia Jacklin,country,5,2022-08-23,https://open.spotify.com/track/2QneOvl8fZrXlP1zofIwhg,2QneOvl8fZrXlP1zofIwhg,https://i.scdn.co/image/ab67616d0000b273427d3a2fce04f9952e7748c7
Friday at Five,John Michael Montgomery,country,0,2022-04-29,https://open.spotify.com/track/58FeOVq9C2N5EH7SiLKFfQ,58FeOVq9C2N5EH7SiLKFfQ,https://i.scdn.co/image/ab67616d0000b273781f6f07e203405c9d2abe13
Feels Like Home,Tyler Rich,country,2,2021-06-04,https://open.spotify.com/track/6A6VXtmo59kVKcZuQ3ifTX,6A6VXtmo59kVKcZuQ3ifTX,https://i.scdn.co/image/ab67616d0000b2739bf4f942a7d75adce5c4063a
Black Train,Bukka White,country,1,2020-12-04,https://open.spotify.com/track/3IWYaHBg58hNfAOuUHmAai,3IWYaHBg58hNfAOuUHmAai,https://i.scdn.co/image/ab67616d0000b273582db86ad62ad8606ae28d6f
Baby You Don't Know My Mind,Lonnie Johnson,country,0,2021-10-14,https://open.spotify.com/track/2jLEj6Ibc1RuJq7sa4xxid,2jLEj6Ibc1RuJq7sa4xxid,https://i.scdn.co/image/ab67616d0000b2737373de8b9ec07acc2399f3af
Love the One You’re With,Stephen Stills,country,1,2023-09-01,https://open.spotify.com/track/2TZWN7FFRLgx7i7inLLAh2,2TZWN7FFRLgx7i7inLLAh2,https://i.scdn.co/image/ab67616d0000b273308f534b7524f8cce174af02
Dig,Ian Munsick,country,0,2023-07-28,https://open.spotify.com/track/01RGaKXGj739UlMIo1aIBF,01RGaKXGj739UlMIo1aIBF,https://i.scdn.co/image/ab67616d0000b2735dadd1dc98d246bf772163b7
Shade Of Blue,Kirsty Lee Akers,country,1,2022-04-15,https://open.spotify.com/track/048fHOyOcl6MkzGMpL7u2T,048fHOyOcl6MkzGMpL7u2T,https://i.scdn.co/image/ab67616d0000b2733c181d550db576f7c157c68f
Same Thing,Corey Kent,country,45,2020-02-28,https://open.spotify.com/track/6u9yrAoqEH0z5Jkn3VWYwI,6u9yrAoqEH0z5Jkn3VWYwI,https://i.scdn.co/image/ab67616d0000b273970c6efa6a0da6d13acaed39
The Shake,Neal McCoy,country,0,2023-02-24,https://open.spotify.com/track/4Oj7dB3KjlWvx8cDJArLyA,4Oj7dB3KjlWvx8cDJArLyA,https://i.scdn.co/image/ab67616d0000b27384c808b8a826329ca80bd544
Out of It,Kalie Shorr,country,4,2020-12-04,https://open.spotify.com/track/7xlDkMzRqJZDkpTbBiIJCZ,7xlDkMzRqJZDkpTbBiIJCZ,https://i.scdn.co/image/ab67616d0000b27391ad7a005f8d5d5ec47ca859
One More Plane,Dave Dudley,country,14,2021-08-10,https://open.spotify.com/track/6OlN3Z0S4ASkUhsEPQL5f2,6OlN3Z0S4ASkUhsEPQL5f2,https://i.scdn.co/image/ab67616d0000b273e5a3041ee7b73ea813041af2
There's a Little Bit of Everything in Texas,Ernest Tubb,country,0,2020-03-01,https://open.spotify.com/track/4DuGM5xcLHV6SUHhdT9Ull,4DuGM5xcLHV6SUHhdT9Ull,https://i.scdn.co/image/ab67616d0000b27326d74d90a810c9b2e0994764
A Love That Strong,Neal McCoy,country,2,2022-02-11,https://open.spotify.com/track/3VJ8TdBrGIo1zDd6qxRnIN,3VJ8TdBrGIo1zDd6qxRnIN,https://i.scdn.co/image/ab67616d0000b27371bd671f588ecebdf4959202
Sold (The Grundy County Auction Incident),John Michael Montgomery,country,0,2023-08-18,https://open.spotify.com/track/7LO8LBW4vUgk9igpYiN78Y,7LO8LBW4vUgk9igpYiN78Y,https://i.scdn.co/image/ab67616d0000b2736395057ea4b183feee8271fb
"Baby, It’s Cold Outside",Brett Eldredge,country,0,2023-10-20,https://open.spotify.com/track/4d5KfGgxPlrutZgLHH5vPW,4d5KfGgxPlrutZgLHH5vPW,https://i.scdn.co/image/ab67616d0000b273872bcdcfecf24fd342e139ec
Have Mercy,The Judds,country,4,2022-04-08,https://open.spotify.com/track/50G3Z8mIfMLZE1cYFWujEo,50G3Z8mIfMLZE1cYFWujEo,https://i.scdn.co/image/ab67616d0000b27388e3936fd8a794bb599498af
Over Thinking,Boondox,country,9,2020-12-18,https://open.spotify.com/track/0vnxiXYlJ4oSyJPKrufMYX,0vnxiXYlJ4oSyJPKrufMYX,https://i.scdn.co/image/ab67616d0000b2736251bbebcc8e7284fb957ae5
I Saw Santa In A Bar,Logan Mize,country,7,2023-12-01,https://open.spotify.com/track/4W3HNyG4ZTpwMT0GRReaUC,4W3HNyG4ZTpwMT0GRReaUC,https://i.scdn.co/image/ab67616d0000b273a64ab59b773cb0df72c9dc6d
Wasting All These Tears,Austin Snell,country,3,2023-10-17,https://open.spotify.com/track/3yfciTLC2OcCkqYfX1T8RJ,3yfciTLC2OcCkqYfX1T8RJ,https://i.scdn.co/image/ab67616d0000b273c6094b2857bede7b7fe9998d
Time Machines (Studio A Session),Walker County,country,11,2022-11-11,https://open.spotify.com/track/2Ma2bb199oyT3UKgovgJ5H,2Ma2bb199oyT3UKgovgJ5H,https://i.scdn.co/image/ab67616d0000b2738d4def3cb36197ce397e6892
Middle Of America (feat. American Aquarium),Hailey Whitters,country,2,2022-07-04,https://open.spotify.com/track/1tDL75Gie6W3Lw8bek3p29,1tDL75Gie6W3Lw8bek3p29,https://i.scdn.co/image/ab67616d0000b273719aa61d0ec45549e099246e
Saw III,Kream,rap,14,2022-06-17,https://open.spotify.com/track/6RdMaWYlULEpOtOpeg1ZZ2,6RdMaWYlULEpOtOpeg1ZZ2,https://i.scdn.co/image/ab67616d0000b2734106597b257dadb77859932a
Headlock,Lil Wayne,rap,39,2021-10-01,https://open.spotify.com/track/7aEyRTJPEITFrtuq648Mzp,7aEyRTJPEITFrtuq648Mzp,https://i.scdn.co/image/ab67616d0000b27398d1486777ffe90167ebc5b4
Tiempo,Townix,rap,31,2023-05-05,https://open.spotify.com/track/0cv9ozWDDEnAzfsiJyOgNB,0cv9ozWDDEnAzfsiJyOgNB,https://i.scdn.co/image/ab67616d0000b273ac2e8c9d9ddabd2ff202c942
Kjapt,nvm.kenny,rap,3,2022-02-04,https://open.spotify.com/track/2973IEk5sSNXhNM0gbxeie,2973IEk5sSNXhNM0gbxeie,https://i.scdn.co/image/ab67616d0000b2732d7fda9247aa459f137bf830
ghost in the vein,convolk,rap,27,2021-03-14,https://open.spotify.com/track/0LuwL4uwedsnTrPoz9oxl1,0LuwL4uwedsnTrPoz9oxl1,https://i.scdn.co/image/ab67616d0000b273a61c7fbb82b8ef304121abb2
Nicht kommen sehen,Swiss & Die Andern,rap,35,2020-05-01,https://open.spotify.com/track/1mqqGFCpsPrkbTFekJuH64,1mqqGFCpsPrkbTFekJuH64,https://i.scdn.co/image/ab67616d0000b273e3b60ce247410b41bba53d45
Sous-côté,Nirmou,rap,25,2021-06-11,https://open.spotify.com/track/7CQWIgNptpQTRn9xXzhUx9,7CQWIgNptpQTRn9xXzhUx9,https://i.scdn.co/image/ab67616d0000b2737ce870168ce0ae7d0f401efd
Real Mexicana,Hispana,rap,16,2022-04-08,https://open.spotify.com/track/7ylqnDFUwjDxgHgQ8mar7C,7ylqnDFUwjDxgHgQ8mar7C,https://i.scdn.co/image/ab67616d0000b2738a6800c9f3ed84bcfd8f5356
Bata De,LXSH,rap,20,2023-03-30,https://open.spotify.com/track/3Iw9eZ6t2yih7zjf13csuM,3Iw9eZ6t2yih7zjf13csuM,https://i.scdn.co/image/ab67616d0000b2731b706bbdda832bdc3f2264a0
THAT TIME I GOT REINCARNATED AS A NERDCORE RAPPER (Skit),Breeton Boi,rap,4,2021-12-16,https://open.spotify.com/track/2iViBcOPLIn0zusMZBo9im,2iViBcOPLIn0zusMZBo9im,https://i.scdn.co/image/ab67616d0000b2730c9193bced44fe558b95c576
Super Gremlin,Kodak Black,rap,1,2023-02-18,https://open.spotify.com/track/5OutaPZR9wu6ANkFE5uU2Q,5OutaPZR9wu6ANkFE5uU2Q,https://i.scdn.co/image/ab67616d0000b273e099bb385c1996415d652024
Ostatnia nadzieja,Głowa PMM,rap,10,2022-02-25,https://open.spotify.com/track/7E9FmoYuEU03jZ4c0lWoft,7E9FmoYuEU03jZ4c0lWoft,https://i.scdn.co/image/ab67616d0000b2730884b01ba8ef177940b6fa5e
Återvändsgränd,Daniela Rathana,rap,0,2023-10-11,https://open.spotify.com/track/2M0rwYUa2fLHxqDNZ7jEw1,2M0rwYUa2fLHxqDNZ7jEw1,https://i.scdn.co/image/ab67616d0000b27333377d9ed9ccb63306649e8f
Perreito,Mariah Angeliq,rap,0,2023-09-22,https://open.spotify.com/track/0JYhUGvMKM7XmHH1zMxklA,0JYhUGvMKM7XmHH1zMxklA,https://i.scdn.co/image/ab67616d0000b27360ab440707d7a8c488ede0d3
PIRATE BRODOWN,Big Gay,rap,21,2021-10-30,https://open.spotify.com/track/0cv6YsZi3Zr5hNIvhpIQHB,0cv6YsZi3Zr5hNIvhpIQHB,https://i.scdn.co/image/ab67616d0000b2738a0b62cdb8c15fc1afef7a50
Here Am I,JR Writer,rap,4,2021-10-28,https://open.spotify.com/track/2ebR4SAMzhjfjZuqhqxbrA,2ebR4SAMzhjfjZuqhqxbrA,https://i.scdn.co/image/ab67616d0000b2730e49fe3ca7de2c905373dd29
Questions,Mathias.,rap,8,2021-11-19,https://open.spotify.com/track/4KoMBzawJpD6fSxNFPk5oO,4KoMBzawJpD6fSxNFPk5oO,https://i.scdn.co/image/ab67616d0000b273f940950c70296c0080a94c7b
Going Bad,Meek Mill,rap,3,2022-06-17,https://open.spotify.com/track/2suFH1XzQsSwQXilGMe629,2suFH1XzQsSwQXilGMe629,https://i.scdn.co/image/ab67616d0000b2736b22b24302e97d06c3bf8b86
OPPS,Blvd Bizz,rap,20,2021-02-27,https://open.spotify.com/track/3sGO1VGwkPaVYIB5Vbz7kT,3sGO1VGwkPaVYIB5Vbz7kT,https://i.scdn.co/image/ab67616d0000b2730bc098f0c6ef7a85850eee94
Killing The Rats,Kodak Black,rap,23,2021-10-14,https://open.spotify.com/track/1j3hiXzx3mkzhaBhDLQ89T,1j3hiXzx3mkzhaBhDLQ89T,https://i.scdn.co/image/ab67616d0000b27336781a3899a2e4884633d395
Borrachos(El beliko),comando 21 de la plebe MEX,rap,1,2020-12-14,https://open.spotify.com/track/4UefC1yR5xdoafcaC7yeBV,4UefC1yR5xdoafcaC7yeBV,https://i.scdn.co/image/ab67616d0000b2735315a82b50f020be5b95a133
Bandolero,Pekeño 77,rap,14,2021-09-03,https://open.spotify.com/track/58GhQBfhLbcnVDUu5jdWfq,58GhQBfhLbcnVDUu5jdWfq,https://i.scdn.co/image/ab67616d0000b2737cd283d52f5d8f05694a3a82
reiwa freestyle,Moment Joon,rap,0,2020-02-28,https://open.spotify.com/track/7oJYnh4XYk5KtZO09H1X0y,7oJYnh4XYk5KtZO09H1X0y,https://i.scdn.co/image/ab67616d0000b273cb50864430a552ddf5304a7a
Picture Me Rollin',Killswitch,rap,1,2021-01-29,https://open.spotify.com/track/6NpoVpQru9z5clpvOpY3my,6NpoVpQru9z5clpvOpY3my,https://i.scdn.co/image/ab67616d0000b27396542bd0940c16ae31c429fa
Sem Desistir,Sonhador Rap Motivação,rap,10,2020-11-21,https://open.spotify.com/track/6PMsVwIL49xhpE1ZmRQQDq,6PMsVwIL49xhpE1ZmRQQDq,https://i.scdn.co/image/ab67616d0000b27342bff3f7d6ce0415a1d720f0
Polos Opuestos,Kevin El Autorizado,rap,5,2023-06-15,https://open.spotify.com/track/2wOZZHrRKe0NUfThmQsJTK,2wOZZHrRKe0NUfThmQsJTK,https://i.scdn.co/image/ab67616d0000b273b0b522797577c85fa862fd76
Hola Que Tal,Zafiro Rap,rap,23,2020-07-15,https://open.spotify.com/track/3vXBMvbCOdYqrYkLlq5dSd,3vXBMvbCOdYqrYkLlq5dSd,https://i.scdn.co/image/ab67616d0000b2734f7214832b6d2be7ace36b58
Hoy Me Vuelvo Solo - Chef Cheeza Remix,Latex Diamond,rap,1,2021-12-21,https://open.spotify.com/track/55sVxRtMxeiawQpsI3FZN6,55sVxRtMxeiawQpsI3FZN6,https://i.scdn.co/image/ab67616d0000b2732765b9520421b53f5a698141
DADDY ISCH ANDERST,L Loko,rap,26,2024-02-02,https://open.spotify.com/track/6EgS4881D14FXe5pvsTxZW,6EgS4881D14FXe5pvsTxZW,https://i.scdn.co/image/ab67616d0000b273644a93d6f9a942e7fa069135
DAWASALKAPOT,Nag,rap,15,2024-03-10,https://open.spotify.com/track/3LKZ32UWypedOMIaygl1Hq,3LKZ32UWypedOMIaygl1Hq,https://i.scdn.co/image/ab67616d0000b273af5e8d0d66d7eac5b22f365b
Ten Toes Down,SickMinded Criminals,rap,0,2022-03-17,https://open.spotify.com/track/1hILJeHwuV5WOGYaJh5688,1hILJeHwuV5WOGYaJh5688,https://i.scdn.co/image/ab67616d0000b273bddbd2465f0be95079449b46
Rouler #GZSC,Gros Mo,rap,11,2020-02-28,https://open.spotify.com/track/1kKITaYbt5SQBnrbatoJBM,1kKITaYbt5SQBnrbatoJBM,https://i.scdn.co/image/ab67616d0000b273ad002c440699a40e09a8164e
Till The Wheels Fall Off (feat. Lil Durk & Capella Grey),Chris Brown,rap,42,2022-07-08,https://open.spotify.com/track/6d4nagVvGdvMEq1Ngg5PPb,6d4nagVvGdvMEq1Ngg5PPb,https://i.scdn.co/image/ab67616d0000b27318d0121ff57f0b9dfbe84b54
roll.,Kenneth Brother,rap,2,2022-10-28,https://open.spotify.com/track/14yxZCnc7fziw7abY9rnZo,14yxZCnc7fziw7abY9rnZo,https://i.scdn.co/image/ab67616d0000b273b6dca524caee583b64d17206
Groove,Miły ATZ,rap,15,2022-02-16,https://open.spotify.com/track/48zNt2xbx4w8qCRGuqS9ix,48zNt2xbx4w8qCRGuqS9ix,https://i.scdn.co/image/ab67616d0000b273502df1185cee3e3769c50bfc
Distract Them So I Can Run,GREAF,rap,14,2023-03-31,https://open.spotify.com/track/1SW9mTR1ihA887f5W7LMzd,1SW9mTR1ihA887f5W7LMzd,https://i.scdn.co/image/ab67616d0000b2734b38fd65feb016559628b9d9
PAPARAZZI,NEGAPHONE,rap,2,2020-12-05,https://open.spotify.com/track/2CbD1eGBOD0P0OICnEkMze,2CbD1eGBOD0P0OICnEkMze,https://i.scdn.co/image/ab67616d0000b2738a07f52899aff826c6dc3c2f
de rien pour la douceur,Wallace Cleaver,rap,44,2023-06-16,https://open.spotify.com/track/1tD3Uy4iKK6FVBdeSk6ZYX,1tD3Uy4iKK6FVBdeSk6ZYX,https://i.scdn.co/image/ab67616d0000b273de28aea81ea634589f80c8ae
Without Me,Eminem,rap,44,2022-05-26,https://open.spotify.com/track/2w3ZAK00v15FMnJpyFN4GY,2w3ZAK00v15FMnJpyFN4GY,https://i.scdn.co/image/ab67616d0000b273a18291a1854b9b6371ff9663
U Got Sum 4 Me?,Andre Nickatina,rap,7,2020-04-03,https://open.spotify.com/track/6unTNsW7S8rfb6R6W8ifdF,6unTNsW7S8rfb6R6W8ifdF,https://i.scdn.co/image/ab67616d0000b273f2137ebe8479919a814d46b2
Omega 2,La Guerrilla Musick,rap,5,2024-01-19,https://open.spotify.com/track/2CL3JOFVDpZwJVBpQ3HLjz,2CL3JOFVDpZwJVBpQ3HLjz,https://i.scdn.co/image/ab67616d0000b273ef01b29436b158d703dc00f7
Badman,Pacoo,rap,0,2023-03-01,https://open.spotify.com/track/24CufFMLXAUNNN2vR1sxCR,24CufFMLXAUNNN2vR1sxCR,https://i.scdn.co/image/ab67616d0000b2730721bee231f80c16e6372671
Estado de Emergência,Nikotina Kf,rap,6,2022-05-11,https://open.spotify.com/track/4QxV1zrWigslNfm4uNhRes,4QxV1zrWigslNfm4uNhRes,https://i.scdn.co/image/ab67616d0000b273ee2ee2146e903da4395a0ae6
"Rainy day (Feat. ASH ISLAND, Skinny Brown)",PATEKO,rap,47,2020-07-19,https://open.spotify.com/track/4LxFRsy3TZjqAtAgIsjkez,4LxFRsy3TZjqAtAgIsjkez,https://i.scdn.co/image/ab67616d0000b2732fe16d7a9e1b0f74b37ff6d1
Run Wit It,King K.O,rap,6,2022-03-10,https://open.spotify.com/track/2dc9dVc4bmZns11fhjOTLa,2dc9dVc4bmZns11fhjOTLa,https://i.scdn.co/image/ab67616d0000b273c4516752d5aaff673044224f
L'intro,8ruki,rap,19,2020-11-10,https://open.spotify.com/track/7gWB71Jqm9eipDNI0hcwX0,7gWB71Jqm9eipDNI0hcwX0,https://i.scdn.co/image/ab67616d0000b2739982a24e1895b5018965e6c3
Sen faser nada,PAULIÑA,rap,0,2024-03-22,https://open.spotify.com/track/5zPsexge4kiZeyu0SepVnL,5zPsexge4kiZeyu0SepVnL,https://i.scdn.co/image/ab67616d0000b2731463cc4fab5066b0bc0a4d83
The Real You (Slowed) [feat. YH],Danny G,rap,0,2023-06-30,https://open.spotify.com/track/6B8l3Px0c34vvLXQiWrFmi,6B8l3Px0c34vvLXQiWrFmi,https://i.scdn.co/image/ab67616d0000b27394795d95b9d30156dd30da13
MAMACITA - Amiros Remix,Black Eyed Peas,rap,13,2020-06-17,https://open.spotify.com/track/0cQdF7WiXS4HkpcJGU6Es4,0cQdF7WiXS4HkpcJGU6Es4,https://i.scdn.co/image/ab67616d0000b273a9732fceaa589706cf33b843
Kapit Lang,Nazty Kidd,rap,7,2022-08-01,https://open.spotify.com/track/06pNgUMzJ7nB17AAzezWXn,06pNgUMzJ7nB17AAzezWXn,https://i.scdn.co/image/ab67616d0000b273432091839d0fafb276bc98fe
Sintomas de prazer,LUDMILLA,r-n-b,9,2023-08-26,https://open.spotify.com/track/2Bwt6G8OQ6CjjahyFFg27Q,2Bwt6G8OQ6CjjahyFFg27Q,https://i.scdn.co/image/ab67616d0000b273e73d5c582c93aa1ab386b0c8
Poison,Bell Biv DeVoe,r-n-b,1,2022-06-06,https://open.spotify.com/track/7nhaWLYhOa1yE4pMqIxcJs,7nhaWLYhOa1yE4pMqIxcJs,https://i.scdn.co/image/ab67616d0000b2735996bc260fea5a88ba6ab508
Maldito Vicio,Rayito Colombiano,r-n-b,0,2023-06-30,https://open.spotify.com/track/5Clqezgd0oWrWizqjHy5h0,5Clqezgd0oWrWizqjHy5h0,https://i.scdn.co/image/ab67616d0000b273b12bc996d7dff8e144870e33
Ven,Los Dandys,r-n-b,0,2021-08-27,https://open.spotify.com/track/3DCT0qwPQSnaA3gRcYRbQ6,3DCT0qwPQSnaA3gRcYRbQ6,https://i.scdn.co/image/ab67616d0000b273493c49e8826e923e7cb35b20
Yo Se Cuando Miente,Espinoza Paz,r-n-b,42,2023-06-15,https://open.spotify.com/track/5l0DvSZ4nFtPoAgb05qW8v,5l0DvSZ4nFtPoAgb05qW8v,https://i.scdn.co/image/ab67616d0000b273a0f3c80b462798f0fa99dd73
Arruda no Boom Bap,Lado Sujo da Frequência,r-n-b,1,2022-12-07,https://open.spotify.com/track/4YVcqklNZsco2T4YW9Ph2q,4YVcqklNZsco2T4YW9Ph2q,https://i.scdn.co/image/ab67616d0000b273506f613345094326e477e90c
Steer,Tweet,r-n-b,0,2021-05-14,https://open.spotify.com/track/0FQuwT1F8cIC3r8LgBFKVi,0FQuwT1F8cIC3r8LgBFKVi,https://i.scdn.co/image/ab67616d0000b2734c9af23d7ceb60f0628c0696
Sleigh Ride,The Ronettes,r-n-b,0,2022-09-16,https://open.spotify.com/track/4ZzVBhRh9P5YJfUEgdxUgV,4ZzVBhRh9P5YJfUEgdxUgV,https://i.scdn.co/image/ab67616d0000b273cef92b6de720b711d0940e3b
Said It’s Lit,22Gz,r-n-b,0,2023-03-03,https://open.spotify.com/track/6CBy7P5TsmdxDQ4czLTsua,6CBy7P5TsmdxDQ4czLTsua,https://i.scdn.co/image/ab67616d0000b27302dfa7533a1bba5351304bdc
Unwrap You at Christmas,The Monkees,r-n-b,0,2022-10-01,https://open.spotify.com/track/0BEIJ4S2Jj3yNSimox5olJ,0BEIJ4S2Jj3yNSimox5olJ,https://i.scdn.co/image/ab67616d0000b273cc870ea42738b8698a875751
Aurora Redux - Redux,Slow Crush,r-n-b,5,2020-07-24,https://open.spotify.com/track/6PnkcOpMvIXTFnNCOLwJlj,6PnkcOpMvIXTFnNCOLwJlj,https://i.scdn.co/image/ab67616d0000b2731a50ab8f26cee909598acc1c
Bailando,Grupo Bryndis,r-n-b,49,2024-01-19,https://open.spotify.com/track/7u9sBmRyQrKdewaT4YxHtm,7u9sBmRyQrKdewaT4YxHtm,https://i.scdn.co/image/ab67616d0000b273c249a463af6b14acc0925c9d
Tell Me Who,Big Maybelle,r-n-b,0,2023-01-20,https://open.spotify.com/track/6AyQf6zztQsQxPosCLT7Gw,6AyQf6zztQsQxPosCLT7Gw,https://i.scdn.co/image/ab67616d0000b273fb9d063bbc5370a3f25d7c98
Dream Girl Evil,Florence + The Machine,r-n-b,0,2023-04-25,https://open.spotify.com/track/0gAIm7TXPCiARUiqUligFY,0gAIm7TXPCiARUiqUligFY,https://i.scdn.co/image/ab67616d0000b273a9e92374ce69f7ace02a38fe
Envolver,Anitta,r-n-b,0,2023-07-21,https://open.spotify.com/track/2m4lBWUOZIkY8S8T3IpUTA,2m4lBWUOZIkY8S8T3IpUTA,https://i.scdn.co/image/ab67616d0000b273e96a0521df3f4e63aa7b4e00
O Passageiro,Capital Inicial,r-n-b,24,2022-11-11,https://open.spotify.com/track/7d7StExcEA3xplJG3nBS9f,7d7StExcEA3xplJG3nBS9f,https://i.scdn.co/image/ab67616d0000b273aaa1cb4e28baf640b38a5d5b
Grease - 2006 Remaster,Frankie Valli,r-n-b,14,2022-06-24,https://open.spotify.com/track/4psHDDgcdrupZJE2bZIeVF,4psHDDgcdrupZJE2bZIeVF,https://i.scdn.co/image/ab67616d0000b273b636d6cef7463e8785bdef36
The Shoop Shoop Song (It's in His Kiss),Betty Everett,r-n-b,26,2021-06-04,https://open.spotify.com/track/2XkeJhP5uiPCJTEQZCQejz,2XkeJhP5uiPCJTEQZCQejz,https://i.scdn.co/image/ab67616d0000b273973b2e65464cb44354b97d59
Just Can't Quit You - Live,Cuby & The Blizzards,r-n-b,3,2021-09-03,https://open.spotify.com/track/66pwLiqL6sQQgpc9qOZ4wk,66pwLiqL6sQQgpc9qOZ4wk,https://i.scdn.co/image/ab67616d0000b2738d56e5ee6fc0053b96d8c6f4
Comigo ninguém tira onda,Charlie Brown Jr.,r-n-b,6,2021-07-29,https://open.spotify.com/track/44LhRrVS1EqjyRiAprGqXG,44LhRrVS1EqjyRiAprGqXG,https://i.scdn.co/image/ab67616d0000b2738750df482bd34d333a511eab
Open up the Red Box,Simply Red,r-n-b,1,2020-11-06,https://open.spotify.com/track/7z9sNOBYMWVzEKWlghaERx,7z9sNOBYMWVzEKWlghaERx,https://i.scdn.co/image/ab67616d0000b2738d20da40168ab2550110b041
5-10-15 Hours,Ruth Brown,r-n-b,0,2021-04-09,https://open.spotify.com/track/7tdTlDJzb80ztRN9n44pU6,7tdTlDJzb80ztRN9n44pU6,https://i.scdn.co/image/ab67616d0000b273d6cd25b727f6db664d70d307
Talk Through the Night - Mystery Jets Disco Biscuit Remix,D.I.D,r-n-b,0,2020-04-10,https://open.spotify.com/track/1rLCUxRQe8bYzqbnsHdA0C,1rLCUxRQe8bYzqbnsHdA0C,https://i.scdn.co/image/ab67616d0000b273c8ed61f4c302046eba24bb55
Lost Anyways (Rozzi Version),whatever mike,r-n-b,14,2023-05-12,https://open.spotify.com/track/38sGh4NJfuffD2Xl0PBSpV,38sGh4NJfuffD2Xl0PBSpV,https://i.scdn.co/image/ab67616d0000b2731ec2ed1298c56239701956ea
Las Llaves De Mi Alma - Remasterizado 2022,La Mafia,r-n-b,0,2022-08-05,https://open.spotify.com/track/1DlRpSBrb7I6j7VoMNJi8u,1DlRpSBrb7I6j7VoMNJi8u,https://i.scdn.co/image/ab67616d0000b273f3ade248390c369da529323e
Tipo Um Dragão,Takr,r-n-b,3,2021-10-07,https://open.spotify.com/track/6UMBoGdPx2hNveRL99mkJu,6UMBoGdPx2hNveRL99mkJu,https://i.scdn.co/image/ab67616d0000b273977873115870c7e42b98b309
Bitters for Bitters,Diggs Duke,r-n-b,0,2023-11-24,https://open.spotify.com/track/46qUFrXVfH6WIZqZ3RRyz0,46qUFrXVfH6WIZqZ3RRyz0,https://i.scdn.co/image/ab67616d0000b273ece082fc7cd59af1592d2daa
Amor Maior,Jota Quest,r-n-b,0,2020-08-28,https://open.spotify.com/track/7yef4BWE8pxDBXOLhBDhns,7yef4BWE8pxDBXOLhBDhns,https://i.scdn.co/image/ab67616d0000b273add9b1c20625536642004958
"Put Your Body In It - 12"" Version",Stephanie Mills,r-n-b,1,2022-10-07,https://open.spotify.com/track/0pH4y3ZBO4NDM8Fy6Y1spk,0pH4y3ZBO4NDM8Fy6Y1spk,https://i.scdn.co/image/ab67616d0000b273d515fe7a56358f69d49d2e4d
Struggle No More,Anthony Hamilton,r-n-b,0,2022-05-06,https://open.spotify.com/track/6LVdtjzHluKTI898cLPiOv,6LVdtjzHluKTI898cLPiOv,https://i.scdn.co/image/ab67616d0000b273e3fe13de89a830f60424ec6b
Give Love On Christmas Day,Johnny Gill,r-n-b,2,2020-12-18,https://open.spotify.com/track/1XXrBT6nYYNtMMiTClD9lu,1XXrBT6nYYNtMMiTClD9lu,https://i.scdn.co/image/ab67616d0000b27313a7b62891e9aea0c3902a8b
Miçanga,BaianaSystem,r-n-b,52,2020-01-24,https://open.spotify.com/track/7yqGQh8ullxqsv30ASaEgE,7yqGQh8ullxqsv30ASaEgE,https://i.scdn.co/image/ab67616d0000b273f1db06f70c6b5d415449a7af
Destination Zero,Buzzcocks,r-n-b,6,2020-02-14,https://open.spotify.com/track/42y4wFDq9IqydxeW829omE,42y4wFDq9IqydxeW829omE,https://i.scdn.co/image/ab67616d0000b273816709a0deba21744706c98f
Rooted by justdust,Moldragon,r-n-b,0,2023-11-01,https://open.spotify.com/track/2ZSHMPSINLO3x2OmKHksiq,2ZSHMPSINLO3x2OmKHksiq,https://i.scdn.co/image/ab67616d0000b27375598218c364d830f18d2db3
Wicked Somebody,Ogranya,r-n-b,20,2020-03-27,https://open.spotify.com/track/7C4B2HESrQL1qXYouNs3qh,7C4B2HESrQL1qXYouNs3qh,https://i.scdn.co/image/ab67616d0000b273de8f8d85bdf35304dc9bfe29
Fireflies and Fairydust,Andrew Marlin,r-n-b,30,2021-02-05,https://open.spotify.com/track/7q8V6O7Jny9Pc76HDTwgSR,7q8V6O7Jny9Pc76HDTwgSR,https://i.scdn.co/image/ab67616d0000b273a20b4113bdd7b30e0a84bc81
Stop Rockin' That Train,Ivory Joe Hunter,r-n-b,0,2023-03-01,https://open.spotify.com/track/0USdKdXgrSwLOvtzNMXBdN,0USdKdXgrSwLOvtzNMXBdN,https://i.scdn.co/image/ab67616d0000b2733b5cf6f1a0f3aec6c8168ce6
You'll Never Walk Alone,Gerry & The Pacemakers,r-n-b,0,2021-03-05,https://open.spotify.com/track/7tukjAuNB6zIhfqpyO4TQl,7tukjAuNB6zIhfqpyO4TQl,https://i.scdn.co/image/ab67616d0000b273526a38dc46dd641541a685be
"Love Games - 7"" Version",Level 42,r-n-b,17,2022-06-17,https://open.spotify.com/track/2dU0dGUVjiQABLNXqXZvna,2dU0dGUVjiQABLNXqXZvna,https://i.scdn.co/image/ab67616d0000b27316c118330ed85d76874e9594
Lambada Eletrônica,Dj Fabio No Beat,r-n-b,2,2022-08-27,https://open.spotify.com/track/7g0cd6FLWvbdTwVE6WepbM,7g0cd6FLWvbdTwVE6WepbM,https://i.scdn.co/image/ab67616d0000b273116235848b84cea860472e44
Pianinho - Ao Vivo,Esteban Tavares,r-n-b,8,2023-03-17,https://open.spotify.com/track/0nnwMiTFnbdBrAZkDnYvmR,0nnwMiTFnbdBrAZkDnYvmR,https://i.scdn.co/image/ab67616d0000b2737e34a7bd81a7ec8d037fa024
Gyutaro (Lua Superior 6),MHRAP,r-n-b,35,2023-06-02,https://open.spotify.com/track/1kv7yoCvsFm6jvnOLGtl2n,1kv7yoCvsFm6jvnOLGtl2n,https://i.scdn.co/image/ab67616d0000b27342b4a6c8addbbf7c8faa0c03
"6 Deep (feat. West Philly Freck, CRIMEAPPLE, Rigz & Big Ooh)",Duffel Bag Hottie,r-n-b,1,2022-10-21,https://open.spotify.com/track/6h5pUqGnJNLojGtcXgtN8f,6h5pUqGnJNLojGtcXgtN8f,https://i.scdn.co/image/ab67616d0000b273fff25b3d9fa0fcec69538684
Hunger,Florence + The Machine,r-n-b,38,2023-08-10,https://open.spotify.com/track/5P7KPtpmfHM1s832bHIS5L,5P7KPtpmfHM1s832bHIS5L,https://i.scdn.co/image/ab67616d0000b273cc9b49f7ef3b5d7ed2cf3565
Optimystical - Instrumental,Shafiq Husayn,r-n-b,1,2020-02-07,https://open.spotify.com/track/3CsK9EqtdwFMj7xXE6WGyM,3CsK9EqtdwFMj7xXE6WGyM,https://i.scdn.co/image/ab67616d0000b273c08c93564d098f848b0ffa2e
Apes of God,Sepultura,r-n-b,14,2021-07-16,https://open.spotify.com/track/7vDRcULZq644L9TjrSEzRd,7vDRcULZq644L9TjrSEzRd,https://i.scdn.co/image/ab67616d0000b2739f6326faa00411be1e82a2a8
777 - Instrumental,Butcher Brown,r-n-b,15,2022-12-09,https://open.spotify.com/track/4o17HBq72ZTpdFU359zgPU,4o17HBq72ZTpdFU359zgPU,https://i.scdn.co/image/ab67616d0000b273041caea9cfdff88bf42989d2
Groovin',The Young Rascals,r-n-b,0,2021-03-19,https://open.spotify.com/track/1cA2KbD4lx93Bv9yjgiMs7,1cA2KbD4lx93Bv9yjgiMs7,https://i.scdn.co/image/ab67616d0000b2739b303c4cb692a81a5918b913
Bat You'll Fly - Remastered 2023,Animal Collective,r-n-b,14,2023-05-12,https://open.spotify.com/track/3Bnt1dZlT3zFCmzclXQtxW,3Bnt1dZlT3zFCmzclXQtxW,https://i.scdn.co/image/ab67616d0000b273c2d320310aca1a2780a5a225
Excel To Great Heights (Remix),Christopher Williams,r-n-b,0,2022-09-03,https://open.spotify.com/track/3tctuG7DmueoxAQFH5XlUp,3tctuG7DmueoxAQFH5XlUp,https://i.scdn.co/image/ab67616d0000b2730859f57ae40d255cfa3ccd01
