song_name,artist,genre,popularity,release_date,music_link,track_id
Kiddy,ロクデナシ,pop,36,2023-08-23,https://open.spotify.com/track/0XnzXvYScKwURM2Jf4vMlT,0XnzXvYScKwURM2Jf4vMlT
朋友，你往哪里走,李谷一,pop,16,2023-12-04,https://open.spotify.com/track/23dSQX8bGDHLS8bxrRK54O,23dSQX8bGDHLS8bxrRK54O
Sakit Yang Sa Rasa x Kini Kau Pergi,DJ HarrisNugraha,pop,28,2022-04-11,https://open.spotify.com/track/0wbCLnlUghliZ0VfAQfyxX,0wbCLnlUghliZ0VfAQfyxX
"ze houdt van me, ze houdt niet van me?",kans,pop,17,2020-09-25,https://open.spotify.com/track/3dpKdqk7zKwEQrRTRG90xs,3dpKdqk7zKwEQrRTRG90xs
Bad Habits - Joel Corry Remix,Ed Sheeran,pop,1,2023-03-03,https://open.spotify.com/track/6YXiGCk3UnB6sC9qteBDwl,6YXiGCk3UnB6sC9qteBDwl
Hoa Trinh Nữ,Phương Dung,pop,5,2023-04-13,https://open.spotify.com/track/23J8dTcMVcV62ubVTcJzDi,23J8dTcMVcV62ubVTcJzDi
Amén,Ricardo Montaner,pop,43,2021-05-31,https://open.spotify.com/track/4ImiVRynIiSHsfZwBQWSC5,4ImiVRynIiSHsfZwBQWSC5
Driving Home for Christmas,Chris Rea,pop,0,2023-11-10,https://open.spotify.com/track/6RkvGHY8q8FXyyk5xR59Xp,6RkvGHY8q8FXyyk5xR59Xp
Riptide,Vance Joy,pop,1,2021-03-26,https://open.spotify.com/track/4Ms07ADgHdwM8xwlBj6A57,4Ms07ADgHdwM8xwlBj6A57
Happiness index (inst),LEEWOO,pop,4,2023-03-23,https://open.spotify.com/track/0Yocz8A23Is3T7kBH5XR6d,0Yocz8A23Is3T7kBH5XR6d
Things - Live 2019,Louis Cole,pop,16,2020-07-06,https://open.spotify.com/track/4G4CPgi86zMPphfMTQJuih,4G4CPgi86zMPphfMTQJuih
ケンカのあとは,ののちゃん(村方乃々佳),pop,20,2022-01-05,https://open.spotify.com/track/7ixKsb829bCPdzQbsFRiDL,7ixKsb829bCPdzQbsFRiDL
Sexy,Andreea Banica,pop,3,2023-03-14,https://open.spotify.com/track/3c5SCqn3WBWo90wBz72erl,3c5SCqn3WBWo90wBz72erl
Door,Joeboy,pop,29,2021-02-04,https://open.spotify.com/track/0Ad6okyKc5qGtECNQa3IFH,0Ad6okyKc5qGtECNQa3IFH
Changes,DJ Kraz,pop,31,2022-03-25,https://open.spotify.com/track/4sVXIx5UUMO5UXjmlXfze7,4sVXIx5UUMO5UXjmlXfze7
Swayamvaram - Background Score,Vishal Chandrashekhar,pop,10,2022-09-21,https://open.spotify.com/track/5eGfRLOH0FnsiHJ4Gupz4Z,5eGfRLOH0FnsiHJ4Gupz4Z
Les fleurs,Clara Luciani,pop,0,2020-07-17,https://open.spotify.com/track/1QXOL3BZjhKfwnhshVodji,1QXOL3BZjhKfwnhshVodji
Ya No Quiero Ná,Lola Indigo,pop,2,2023-05-19,https://open.spotify.com/track/1shp0oYb4zI7QdvqLEmjHE,1shp0oYb4zI7QdvqLEmjHE
Juice,Julian Jordan,pop,16,2022-05-27,https://open.spotify.com/track/3fPYaD1lvRZY1tIX0y8ySe,3fPYaD1lvRZY1tIX0y8ySe
הושע נא - Hoishanu,Beri Weber,pop,17,2020-10-04,https://open.spotify.com/track/5iukwNzHxGqwJ4AHHX7a6G,5iukwNzHxGqwJ4AHHX7a6G
Festival,Tom Misch,pop,44,2020-04-24,https://open.spotify.com/track/2lXFtsU8naRn2mC0DACJEl,2lXFtsU8naRn2mC0DACJEl
8 Letters,Why Don't We,pop,42,2021-03-12,https://open.spotify.com/track/5MhHhtDBcGqGRBdpaKaNDD,5MhHhtDBcGqGRBdpaKaNDD
Los Gitanos / A Papá Con Pega Pega - En Vivo,El Alemán,pop,16,2021-02-19,https://open.spotify.com/track/6eok5IUV3BxhnI8wup4hct,6eok5IUV3BxhnI8wup4hct
A Sky Full of Stars,Coldplay,pop,17,2021-03-19,https://open.spotify.com/track/0U39eV3ExmyLjdKhRQxx5m,0U39eV3ExmyLjdKhRQxx5m
That's Life,Michael Ball,pop,10,2022-10-28,https://open.spotify.com/track/6sdn3m3oLUXDSxUWtGKfRG,6sdn3m3oLUXDSxUWtGKfRG
Allegri,Thylacine,pop,43,2020-10-02,https://open.spotify.com/track/4gfwkR7XoKv6G5OCN8jeHC,4gfwkR7XoKv6G5OCN8jeHC
Tausyldy Mahabbat,Enendroen,pop,16,2023-12-01,https://open.spotify.com/track/23tnDIkK6pWb0gfaxPPKjC,23tnDIkK6pWb0gfaxPPKjC
Rockstar,Einár,pop,55,2020-09-28,https://open.spotify.com/track/3SgxrIzomzoZtRLeI46ts1,3SgxrIzomzoZtRLeI46ts1
bones,Sfven,pop,24,2023-01-11,https://open.spotify.com/track/3iiWBQdl6H8xtwC5i2wVFF,3iiWBQdl6H8xtwC5i2wVFF
Ночь - я твоя,Yolka,pop,2,2020-05-22,https://open.spotify.com/track/096JePYi21vPS0e1l4kIfl,096JePYi21vPS0e1l4kIfl
Nowhere Man,Logan Whitehurst & The Junior Science Club,rock,1,2021-02-24,https://open.spotify.com/track/2mrGaihi054ninfAncWYvY,2mrGaihi054ninfAncWYvY
"L'eau à la bouche - BOF ""L'eau à la bouche""",Serge Gainsbourg,rock,3,2021-02-05,https://open.spotify.com/track/7Jv1DXaOKYbvty7C8c9v9I,7Jv1DXaOKYbvty7C8c9v9I
I'm A Stranger,Davy Knowles,rock,12,2023-08-25,https://open.spotify.com/track/1utnKO2p1Yw2zqUj2UcMSP,1utnKO2p1Yw2zqUj2UcMSP
Surfin' U.S.A. - Remastered 2001,The Beach Boys,rock,0,2022-03-15,https://open.spotify.com/track/4vR9SqIXDWzeshNgFBdBGd,4vR9SqIXDWzeshNgFBdBGd
Stavi Pravu Stvar,Aerodrom,rock,1,2020-07-27,https://open.spotify.com/track/6ZR4UN0m0H7KLxow0Xm6LW,6ZR4UN0m0H7KLxow0Xm6LW
Never Make Her Sad,Romain Virgo,rock,8,2020-01-31,https://open.spotify.com/track/4CmksXyKATbnJLVmiN4mOi,4CmksXyKATbnJLVmiN4mOi
Otra Vez,Eva Carreras,rock,1,2022-09-15,https://open.spotify.com/track/7L6diANOrfcAKzzG9wca6V,7L6diANOrfcAKzzG9wca6V
Shaking Ass,Jerry Paper,rock,18,2022-04-15,https://open.spotify.com/track/2pU90pxj7FwwCH2NFxTxU0,2pU90pxj7FwwCH2NFxTxU0
Universe,OFFICIAL HIGE DANDISM,rock,39,2021-02-24,https://open.spotify.com/track/4hNYc0PKLjCqrruSI9hUHw,4hNYc0PKLjCqrruSI9hUHw
Genoa Is My Kind of Nevada Town,The Guy Who Sings Songs About Cities & Towns,rock,0,2021-08-08,https://open.spotify.com/track/2fK7J15h7xfmgSiQ1ru6Ks,2fK7J15h7xfmgSiQ1ru6Ks
You Don't Know,Winston Reedy,rock,0,2022-08-31,https://open.spotify.com/track/6OZi1vh2JUCFkQB9HQEoAo,6OZi1vh2JUCFkQB9HQEoAo
Če bi vedel,Hauptman,rock,4,2023-04-22,https://open.spotify.com/track/58n28cobLsJpOI98lS2Z8I,58n28cobLsJpOI98lS2Z8I
Accumulates,David Gray,rock,31,2021-02-19,https://open.spotify.com/track/6LTJlfSn3A5PezN2q4rQeq,6LTJlfSn3A5PezN2q4rQeq
Beautiful Disaster,Skeletal Family,rock,7,2023-02-07,https://open.spotify.com/track/0nb9ZkyVxjFBsfgm4tIGTY,0nb9ZkyVxjFBsfgm4tIGTY
Time Clocks,Joe Bonamassa,rock,8,2023-03-24,https://open.spotify.com/track/7mRtG2DWi5UH7uOuogGGVt,7mRtG2DWi5UH7uOuogGGVt
impossible,We Were Promised Jetpacks,rock,6,2020-06-26,https://open.spotify.com/track/2g7uqyhDsKuMaENN0qKQIx,2g7uqyhDsKuMaENN0qKQIx
Boy with a Hole in His Heart,Danny Weinkauf,rock,0,2020-04-10,https://open.spotify.com/track/4S8XJesB2qTGigUV5Ib0Zj,4S8XJesB2qTGigUV5Ib0Zj
Small the Daily Loss Appears,Our Transient Lives,rock,2,2021-01-01,https://open.spotify.com/track/6EbSLHmlGoLhU7H3m0X3k3,6EbSLHmlGoLhU7H3m0X3k3
Enemia Mía,Los Garbanzos,rock,5,2022-09-26,https://open.spotify.com/track/6cGvpLojwXEBsCsfi4ZRav,6cGvpLojwXEBsCsfi4ZRav
Julia,Caloncho,rock,0,2022-03-24,https://open.spotify.com/track/5v501jIPwcyZLaSoRxwxgo,5v501jIPwcyZLaSoRxwxgo
É Proibido Fumar - Ao Vivo no MAM,Erasmo Carlos,rock,2,2023-06-02,https://open.spotify.com/track/04b7btgPJ3MGpIATohHgpX,04b7btgPJ3MGpIATohHgpX
Morning Has Broken,Yusuf / Cat Stevens,rock,1,2023-09-08,https://open.spotify.com/track/7pqLQUYVtomIS4psO0AeoK,7pqLQUYVtomIS4psO0AeoK
Sister Seagull,Be Bop Deluxe,rock,2,2021-08-27,https://open.spotify.com/track/4IL9Ib8uEzsWvXeJ5bDQP4,4IL9Ib8uEzsWvXeJ5bDQP4
kamień na kamieniu,Guantanamo Party Program,rock,1,2022-10-13,https://open.spotify.com/track/67Ey5cvFf0nMd0pzh7FIqq,67Ey5cvFf0nMd0pzh7FIqq
Passado - Ao Vivo,Teorias do Amor Moderno,rock,0,2021-04-01,https://open.spotify.com/track/7EWPaKA3VoCPbY3lt1ViCq,7EWPaKA3VoCPbY3lt1ViCq
A Partir De Hoy,David Bisbal,rock,0,2023-08-11,https://open.spotify.com/track/3jDV2aPw4oFJ5Nvn9fr5Ga,3jDV2aPw4oFJ5Nvn9fr5Ga
Resto del Mundo - Vivo Sesiones Colmena,Bestia Bebé,rock,0,2020-04-01,https://open.spotify.com/track/1uAFM9bMAinEi3MOT0Szo4,1uAFM9bMAinEi3MOT0Szo4
Take 3 - Audiotree Live Version,Inner Wave,rock,16,2023-04-05,https://open.spotify.com/track/6wuqWN6k4KFRDBlTe2wbUy,6wuqWN6k4KFRDBlTe2wbUy
Sea of Sin,Depeche Mode,rock,20,2020-07-17,https://open.spotify.com/track/2zGi2qe3qY8k0ybPcBSJST,2zGi2qe3qY8k0ybPcBSJST
The Difference Between You and I,The Second Face,rock,0,2020-02-29,https://open.spotify.com/track/2mH2w4krSGzsD6qT9MZbjx,2mH2w4krSGzsD6qT9MZbjx
Low Rider,Big Rome,hip-hop,10,2020-09-04,https://open.spotify.com/track/5aonpFlPRTroHzB8gX9ytv,5aonpFlPRTroHzB8gX9ytv
Control,Syd,hip-hop,34,2022-04-08,https://open.spotify.com/track/6A54M2DNbcQfFkbsppRg4v,6A54M2DNbcQfFkbsppRg4v
Always,Young Dolph,hip-hop,39,2022-12-16,https://open.spotify.com/track/4zRO5o7Glsa5BeGdBLOGJ2,4zRO5o7Glsa5BeGdBLOGJ2
Rockstar,Einár,hip-hop,55,2020-09-28,https://open.spotify.com/track/3SgxrIzomzoZtRLeI46ts1,3SgxrIzomzoZtRLeI46ts1
פרסים,Shay TRA Litman,hip-hop,16,2021-12-22,https://open.spotify.com/track/6PsxJfg2gjwP6VhC41nivY,6PsxJfg2gjwP6VhC41nivY
"Morena, Vol. 2",ILUMINATIK BUFFON,hip-hop,17,2022-10-29,https://open.spotify.com/track/0tVK4Cyef9GbHlHd91rBzj,0tVK4Cyef9GbHlHd91rBzj
PURE (with Meron T),El Londo,hip-hop,15,2023-06-02,https://open.spotify.com/track/3O71fh69yOp387zTjwV5XB,3O71fh69yOp387zTjwV5XB
Snow - Slowed + Reverb,Drup,hip-hop,6,2020-09-05,https://open.spotify.com/track/5dX9kEkHA8zS5UIVZcobXM,5dX9kEkHA8zS5UIVZcobXM
On&Off,DawaMafia,hip-hop,14,2023-03-17,https://open.spotify.com/track/2UJpzPG3qO1HobSSv37RmI,2UJpzPG3qO1HobSSv37RmI
My Touch - Remix,Eugy Official,hip-hop,28,2021-08-20,https://open.spotify.com/track/4QCIFeC7FdVlEVXz4XRhh1,4QCIFeC7FdVlEVXz4XRhh1
No Drama,Mekh Zakhq,hip-hop,6,2021-04-19,https://open.spotify.com/track/6rqDpFpmbLvUqbDWk3eVBr,6rqDpFpmbLvUqbDWk3eVBr
Farewell to Shaman,Spectateur,hip-hop,19,2021-07-09,https://open.spotify.com/track/4pf8q2OTwg0vZTBmNVNi58,4pf8q2OTwg0vZTBmNVNi58
Rayon de soleil,Saké,hip-hop,36,2020-06-29,https://open.spotify.com/track/5tH1ynwCJbVCygLzxZJUtv,5tH1ynwCJbVCygLzxZJUtv
B.I.B.O.,Dardan,hip-hop,27,2021-11-04,https://open.spotify.com/track/2CzO2kRN5QDxD39q0QNnSN,2CzO2kRN5QDxD39q0QNnSN
rubinowe wino,Kuban,hip-hop,55,2023-03-24,https://open.spotify.com/track/5scYmJwXDkJKwZxCyZ2eJi,5scYmJwXDkJKwZxCyZ2eJi
JOHN 3:30,NXTMIKE,hip-hop,28,2021-07-16,https://open.spotify.com/track/00uAaNg90rBBWU5vgkohUs,00uAaNg90rBBWU5vgkohUs
Just Incase,Dann Dib,hip-hop,7,2023-03-02,https://open.spotify.com/track/1AAg299kOUjXp80dnHOCuR,1AAg299kOUjXp80dnHOCuR
NOWY DZIEŃ,Asster,hip-hop,49,2022-04-07,https://open.spotify.com/track/22Ru1lFS9H5Bvkrzyfkwov,22Ru1lFS9H5Bvkrzyfkwov
PLACEBO,$OHO BANI,hip-hop,20,2022-05-12,https://open.spotify.com/track/5pJraU3B8nn7yAC6v2PHvI,5pJraU3B8nn7yAC6v2PHvI
Kermapenkit,Kalle Kinos,hip-hop,12,2022-05-20,https://open.spotify.com/track/4rzUioaigLUeIPFIqa62T8,4rzUioaigLUeIPFIqa62T8
RUNAWAY (feat. RINI & Touch Sensitive),Ta-ku,hip-hop,30,2023-08-24,https://open.spotify.com/track/6It5eBWJKi6BwyE8c77Bq9,6It5eBWJKi6BwyE8c77Bq9
Bathtubs Full Of Veuve,DJ Muggs,hip-hop,12,2021-09-24,https://open.spotify.com/track/3XJtVRGrOG3G6ucEk736LY,3XJtVRGrOG3G6ucEk736LY
Aldrig Helt Væk,Jøden,hip-hop,10,2020-10-02,https://open.spotify.com/track/1SzV81aGl4QYAao5vN2oyj,1SzV81aGl4QYAao5vN2oyj
Todo Está Bien,Wk,hip-hop,44,2021-05-02,https://open.spotify.com/track/0nK02ID1wJvbLGSluFWpWF,0nK02ID1wJvbLGSluFWpWF
Pas de ralentir 2,Mig,hip-hop,38,2021-09-06,https://open.spotify.com/track/28dJZO09FHhotdIhdjKzE3,28dJZO09FHhotdIhdjKzE3
Duniyaa Lofi Mix,Akhil,hip-hop,53,2022-05-31,https://open.spotify.com/track/4yW8kY0QgRFionKeUhsIoL,4yW8kY0QgRFionKeUhsIoL
Marcio Non Farlo,Mondo Marcio,hip-hop,21,2022-10-07,https://open.spotify.com/track/6ZdkL0PHZTamee7fKiUT5Z,6ZdkL0PHZTamee7fKiUT5Z
My Radio,Che Lingo,hip-hop,33,2023-01-18,https://open.spotify.com/track/4vdFjNRT82GDyclhl2m1kZ,4vdFjNRT82GDyclhl2m1kZ
Cool Off,Missy Elliott,hip-hop,0,2023-12-07,https://open.spotify.com/track/5Cc0G9x02zBSaWTQgHknvO,5Cc0G9x02zBSaWTQgHknvO
Still I Am,Kamaiyah,hip-hop,17,2020-02-21,https://open.spotify.com/track/5hKgkmRHMbK1lg0Pysw6bb,5hKgkmRHMbK1lg0Pysw6bb
Happening Music for Coffee and Lunch,Coffeehouse Lounge,jazz,0,2022-10-06,https://open.spotify.com/track/2ifOOPMTrh6gQMIbh5DYAl,2ifOOPMTrh6gQMIbh5DYAl
Background for Cafe Rejuvenations,Harlem Jazz Guitar Quartet,jazz,0,2023-05-05,https://open.spotify.com/track/59WI7KxEN1wAkAr6v3cyin,59WI7KxEN1wAkAr6v3cyin
Astounding Mellow Mornings,Tokyo Bebop Jazz Playlist,jazz,0,2023-01-07,https://open.spotify.com/track/1mp9L82VCF4mXACNL7nEv9,1mp9L82VCF4mXACNL7nEv9
Understated Backdrops for Wild Stress,Restaurant Jazz Classics,jazz,0,2022-12-08,https://open.spotify.com/track/4oSdzbz0mdRxNyw1Ufwd5O,4oSdzbz0mdRxNyw1Ufwd5O
Saxophone Bossa Soundtrack for Morning Wellness Coffee,Classic Jazz,jazz,0,2022-08-05,https://open.spotify.com/track/2Zjvzg2hlLkU0PcuIlG229,2Zjvzg2hlLkU0PcuIlG229
Magical Baking,Background Jazz Music,jazz,0,2020-10-20,https://open.spotify.com/track/72R9WY1pZ7TkVnwZpyQ9fY,72R9WY1pZ7TkVnwZpyQ9fY
Unique Entertaining Mornings,Jazz Instrumental Chill,jazz,0,2022-11-26,https://open.spotify.com/track/3MvxfULUADWYg1XCIDW4DM,3MvxfULUADWYg1XCIDW4DM
Thrilling Positive Channeling,Deluxe Cafe Music,jazz,0,2022-12-01,https://open.spotify.com/track/3QROXnMKRKqEpOdtsOVslf,3QROXnMKRKqEpOdtsOVslf
Romantic Backdrops for Coffee House Music,Cafe Music Deluxe,jazz,0,2022-12-16,https://open.spotify.com/track/50YF4Vyy2jr13LaoW3gTg8,50YF4Vyy2jr13LaoW3gTg8
Disco Is the Thing Today - Disco Mix,The Meters,jazz,0,2021-08-13,https://open.spotify.com/track/76jdXucDzfEeq4J3ALEpYk,76jdXucDzfEeq4J3ALEpYk
Background for Focusing,Dinner Jazz Orchestra,jazz,0,2020-11-10,https://open.spotify.com/track/0FnLGy3wCZqdydJDQKwwaJ,0FnLGy3wCZqdydJDQKwwaJ
Latin Guitar Soundtrack for Sweet Skies,Cafe Jazz Tokyo,jazz,0,2022-09-23,https://open.spotify.com/track/5ho9B3jvrQqf64SgFHEJlK,5ho9B3jvrQqf64SgFHEJlK
Trio Jazz Soundtrack for Calming Days,Background Jazz Music,jazz,0,2022-05-10,https://open.spotify.com/track/06h6bj1bcbVmna6xCCHMK6,06h6bj1bcbVmna6xCCHMK6
Cold Cold Heart,Dinah Washington,jazz,0,2022-08-01,https://open.spotify.com/track/5X5oaEQckezZ8Ox3x92l7w,5X5oaEQckezZ8Ox3x92l7w
Vocal Midday,Jazz Cafe Compilations,jazz,0,2023-08-21,https://open.spotify.com/track/5E46luOWstcmm9PZtGs9cI,5E46luOWstcmm9PZtGs9cI
Joyful Backdrops for Energetic Waves,Bossa Cafe Deluxe,jazz,0,2023-01-17,https://open.spotify.com/track/0GS0nXkanWIxScoP6Eh2Mb,0GS0nXkanWIxScoP6Eh2Mb
Vintage Days at Work,Hotel Lobby Jazz Group,jazz,0,2022-07-10,https://open.spotify.com/track/7zlf3BPCIausDSSK9Ln47r,7zlf3BPCIausDSSK9Ln47r
Scintillating Ambience for Those Summer Feels,Cafe Jazz Duo,jazz,0,2022-08-18,https://open.spotify.com/track/2NRzqT8CV5uvrcfSBgVOVS,2NRzqT8CV5uvrcfSBgVOVS
Relaxing (Music),Upbeat Morning Music,jazz,0,2022-12-02,https://open.spotify.com/track/0af54U0hVcvMndlKxECdC5,0af54U0hVcvMndlKxECdC5
Session Process,Jazz Study Cafe,jazz,0,2023-11-20,https://open.spotify.com/track/3sEAuimoXkyrOaQVpsdBXi,3sEAuimoXkyrOaQVpsdBXi
Background for Mystical Novembers,Saturday Morning Jazz Playlist,jazz,0,2023-03-22,https://open.spotify.com/track/0dbZBcb1G16zTj8YSMcipj,0dbZBcb1G16zTj8YSMcipj
Divine Ambiance for Tropical Getaways,Easy Listening Background Music,jazz,0,2022-07-01,https://open.spotify.com/track/7zUbJu6nNHYnjehSNujn7f,7zUbJu6nNHYnjehSNujn7f
Beautiful Instrumental for Working at Home,Late Night Jazz Lounge,jazz,0,2020-04-23,https://open.spotify.com/track/2j7Tr87HFvYw2TXaluK3OC,2j7Tr87HFvYw2TXaluK3OC
Fabulous Moods for April Strength,Paolo Igor Mendoza Bossa Nova,jazz,0,2022-04-12,https://open.spotify.com/track/0ynNRo2HWbGbvnNgMkxxpN,0ynNRo2HWbGbvnNgMkxxpN
Track Romantic,Café Jazz Jam 101,jazz,0,2024-01-01,https://open.spotify.com/track/2IDjl4WFRXy0zgy6zqdhQp,2IDjl4WFRXy0zgy6zqdhQp
Stylish Spring Days,Jazz Music Lounge,jazz,0,2022-04-16,https://open.spotify.com/track/5EKD4mzyCwSkoG6JKz7Ylv,5EKD4mzyCwSkoG6JKz7Ylv
Bossa Nova Piano Duo Soundtrack for Smooth Timbers,Chef Jazz,jazz,0,2022-11-18,https://open.spotify.com/track/4WdWj5BLTuFfiCgYNl20xO,4WdWj5BLTuFfiCgYNl20xO
Dinner Thoughtful,Piano Lounge Smooth Jazz,jazz,0,2023-08-18,https://open.spotify.com/track/13SbpTI0lbjEfC6bsr8mIJ,13SbpTI0lbjEfC6bsr8mIJ
Extraordinary Moods for Lonely Days,Sunday Morning Jazz Playlist,jazz,0,2020-10-02,https://open.spotify.com/track/4rRuMeGOfQ0IwgUSKhfO0F,4rRuMeGOfQ0IwgUSKhfO0F
Unique Ambience for Running Souls,Paolo Igor Mendoza Bossa Nova,jazz,0,2023-03-02,https://open.spotify.com/track/30nxkuDSaUNhFmJJiQVZmh,30nxkuDSaUNhFmJJiQVZmh
What He Didn't Do,Carly Pearce,country,15,2022-11-18,https://open.spotify.com/track/2SfZMAKlopYv0BpZPeAgQT,2SfZMAKlopYv0BpZPeAgQT
Ride the Lightning (717 Tapes),Warren Zeiders,country,7,2023-03-08,https://open.spotify.com/track/2LSBL5tE3MoDOKcPvUjUCR,2LSBL5tE3MoDOKcPvUjUCR
Happy & Sad,Kacey Musgraves,country,0,2021-07-16,https://open.spotify.com/track/0yZcyupFnvkwOZ38fHQYEQ,0yZcyupFnvkwOZ38fHQYEQ
Anne Devlin,Bernie Heaney,country,1,2022-12-18,https://open.spotify.com/track/4mERxALDGhTYjYMbVfS1ci,4mERxALDGhTYjYMbVfS1ci
Layla - 40th Anniversary Version / 2010 Remastered,Derek & The Dominos,country,2,2020-06-05,https://open.spotify.com/track/7EY7Km3ol9MBetLXQDrS8L,7EY7Km3ol9MBetLXQDrS8L
"Hey Child [Feat. Adia Victoria, Allison Russell, & Kam Franklin] - Live From The Other Side",Margo Price,country,5,2021-07-16,https://open.spotify.com/track/1plnRcmMpFagjGRutv3e2O,1plnRcmMpFagjGRutv3e2O
Giddy Up!,Shania Twain,country,16,2023-02-03,https://open.spotify.com/track/2vSppn9zPbzCAIqCp0EBmS,2vSppn9zPbzCAIqCp0EBmS
The Christmas Song,Chris Young,country,0,2022-10-28,https://open.spotify.com/track/5OkvBVgkukLNzpm4P8QCsK,5OkvBVgkukLNzpm4P8QCsK
Amanda - Live,Steve Hofmeyr,country,5,2020-08-07,https://open.spotify.com/track/5cLyXS3cZbG2jmMVXO1APN,5cLyXS3cZbG2jmMVXO1APN
Once in a while,Sun June,country,14,2021-02-05,https://open.spotify.com/track/3DpkQxWQepwgp9IEf7s8ho,3DpkQxWQepwgp9IEf7s8ho
Cumbia Peninsula,Calexico,country,15,2022-04-08,https://open.spotify.com/track/7eL3GDrQqEokDmc6l9fKhK,7eL3GDrQqEokDmc6l9fKhK
Bringin' It Home,George Jones,country,1,2022-07-12,https://open.spotify.com/track/6QuPABYbUHzwbVaZFeXnqk,6QuPABYbUHzwbVaZFeXnqk
The Gothest Girl I Can,Corb Lund,country,15,2021-01-22,https://open.spotify.com/track/3G5nESMEsndGy7p209jqcj,3G5nESMEsndGy7p209jqcj
Someday I Gotta Quit,Justin Moore,country,1,2022-03-04,https://open.spotify.com/track/37yXbkgWhbenCrAVHCvcj3,37yXbkgWhbenCrAVHCvcj3
The Sad Songs,Jason Aldean,country,37,2021-11-12,https://open.spotify.com/track/33fThH4OuzbZCAuKG8F9jz,33fThH4OuzbZCAuKG8F9jz
Ole Miss,Lauren Watkins,country,34,2023-04-21,https://open.spotify.com/track/6MrBlV3qntjmstAXDudrew,6MrBlV3qntjmstAXDudrew
It Matters To Her,Scotty McCreery,country,26,2022-11-18,https://open.spotify.com/track/471p8kgBoPAYmdoD36DWAr,471p8kgBoPAYmdoD36DWAr
Santa Claus is Lookin' for Love,Johnny Lee,country,2,2021-10-29,https://open.spotify.com/track/4x6nBojAiR6r6hiBXJcLVO,4x6nBojAiR6r6hiBXJcLVO
Sad Cactus,Tyler Dial,country,6,2023-07-14,https://open.spotify.com/track/4ahhmbuFXoQL3m7DjyJ17F,4ahhmbuFXoQL3m7DjyJ17F
The Year of the Rabbit,Sam Newton,country,2,2023-06-23,https://open.spotify.com/track/6o8hNst34XnUWpKK0hzExu,6o8hNst34XnUWpKK0hzExu
Searching the Desert for the Blues,Blind Willie McTell,country,0,2020-12-04,https://open.spotify.com/track/0892Wi6hYNRRcQ0jrCrUq1,0892Wi6hYNRRcQ0jrCrUq1
Get Enough,Sun June,country,3,2023-09-26,https://open.spotify.com/track/1mXmZ8oZzeV0wAN1ozKRIt,1mXmZ8oZzeV0wAN1ozKRIt
The Weight - Live,The Band,country,2,2021-10-01,https://open.spotify.com/track/4P6DwW6PFPbHMEjPCc86gj,4P6DwW6PFPbHMEjPCc86gj
Want Me (Live Acoustic),Devin Cooper,country,1,2022-03-25,https://open.spotify.com/track/4cRLeTDsqLNRkHMafChnLK,4cRLeTDsqLNRkHMafChnLK
Honey Child - Acoustic,Julia Cole,country,2,2020-07-31,https://open.spotify.com/track/5ryUwkaOvEnM0F8Q80hZr8,5ryUwkaOvEnM0F8Q80hZr8
Narcissist,Avery Anna,country,22,2022-04-29,https://open.spotify.com/track/1Lj68fo6FaTBW5uYopfYoz,1Lj68fo6FaTBW5uYopfYoz
The Matador,Trisha Yearwood,country,9,2021-08-13,https://open.spotify.com/track/7MYz0bAuJbB72RYajDJXaq,7MYz0bAuJbB72RYajDJXaq
Big Yabbies From The Creek,Slim Dusty,country,10,2021-08-20,https://open.spotify.com/track/1Mo2gZ3wxt5QIDP5IDmIm5,1Mo2gZ3wxt5QIDP5IDmIm5
when we were friends,Alana Springsteen,country,17,2023-10-27,https://open.spotify.com/track/2O9gIwXQAVDhbTafbjdgEc,2O9gIwXQAVDhbTafbjdgEc
Le sablier,Carl Bastien,country,0,2020-08-14,https://open.spotify.com/track/0HRP9SAcTXTVFZR0nYhLxv,0HRP9SAcTXTVFZR0nYhLxv
Amor Oscuro,Ignorancia Sofisticada,rap,2,2022-04-29,https://open.spotify.com/track/3Myeo2eBVbVBh522YfMsbj,3Myeo2eBVbVBh522YfMsbj
Dicrim,Rochy RD,rap,19,2023-09-02,https://open.spotify.com/track/5qbQnkfnGrHexrwXjMow67,5qbQnkfnGrHexrwXjMow67
GUY,Ifex G,rap,6,2022-12-26,https://open.spotify.com/track/5bHStJuFxdG7h0RzlXOz3u,5bHStJuFxdG7h0RzlXOz3u
Miénteme,Mariah Angeliq,rap,0,2023-10-27,https://open.spotify.com/track/3654er9Av3ulCY2kZJ31Iv,3654er9Av3ulCY2kZJ31Iv
P Power,Gunna,rap,10,2023-06-30,https://open.spotify.com/track/3xDcW4YTIAf6FXOEFzjDkr,3xDcW4YTIAf6FXOEFzjDkr
KYUN,RvD,rap,16,2022-01-29,https://open.spotify.com/track/0othUHAKX6bRWZYHmsSHm1,0othUHAKX6bRWZYHmsSHm1
My Love,Shaboozey,rap,40,2022-10-07,https://open.spotify.com/track/6hXdDiZeoe2r6qspLCjMoZ,6hXdDiZeoe2r6qspLCjMoZ
MAIN ROLE,Booka600,rap,0,2023-03-03,https://open.spotify.com/track/2L4V5VBb9NcsAOepF6264A,2L4V5VBb9NcsAOepF6264A
All the Way,Yung Martez,rap,0,2020-03-23,https://open.spotify.com/track/3SRGSlteMZPD9m2SSL6X2f,3SRGSlteMZPD9m2SSL6X2f
Hop Out The Vette,TrapGoKrazy,rap,0,2021-09-12,https://open.spotify.com/track/1SoCR1n7h9ZwU7OnxHrIHL,1SoCR1n7h9ZwU7OnxHrIHL
Outro,Disiden,rap,0,2020-02-12,https://open.spotify.com/track/1U4YYx5TYR9kn9xKcBM6g0,1U4YYx5TYR9kn9xKcBM6g0
FMB Dz 2k22,FMB DZ,rap,8,2022-01-28,https://open.spotify.com/track/1oKlNtMpHNHOv5zgdIw5MP,1oKlNtMpHNHOv5zgdIw5MP
Ma vie,Box,rap,7,2021-03-26,https://open.spotify.com/track/12T7n1QXUJgnc7ARt3UPzO,12T7n1QXUJgnc7ARt3UPzO
Campo de Tiro,Shoren,rap,25,2023-01-25,https://open.spotify.com/track/0ZESQtLcutb2nwhRoT8SCb,0ZESQtLcutb2nwhRoT8SCb
Feeling Like Future,Luh Soldier,rap,9,2020-06-19,https://open.spotify.com/track/5IqZvba1smt3ORBrWEYl43,5IqZvba1smt3ORBrWEYl43
WAP,Cardi B,rap,1,2022-06-17,https://open.spotify.com/track/6bebAJaDcEI9u6poSzTy2P,6bebAJaDcEI9u6poSzTy2P
up at night,Kehlani,rap,0,2023-02-16,https://open.spotify.com/track/2XbebKuvMVD8aMeYugDTcO,2XbebKuvMVD8aMeYugDTcO
Political Prisoners,Q Da Fool,rap,3,2023-06-30,https://open.spotify.com/track/7tHNHPNre1ICEYh9XTFcXF,7tHNHPNre1ICEYh9XTFcXF
Major Pourpose,26coop,rap,7,2020-03-09,https://open.spotify.com/track/4ETirNjwRde3oTJmImmF3d,4ETirNjwRde3oTJmImmF3d
Baoubally,Reman,rap,14,2022-03-30,https://open.spotify.com/track/2XhnESBKQgXnLkRnsxAcyv,2XhnESBKQgXnLkRnsxAcyv
Trunks Raps,Straw Hat Boys,rap,1,2021-08-06,https://open.spotify.com/track/3SWQiCT2RkoBElsmdbvkr5,3SWQiCT2RkoBElsmdbvkr5
Blanco O Negro,Brizynfony,rap,5,2023-01-15,https://open.spotify.com/track/0jx93HkZYkd4hcunlCoR4M,0jx93HkZYkd4hcunlCoR4M
Dropa Comigo (Instrumental),Blackgameboy,rap,0,2022-05-12,https://open.spotify.com/track/7kY5Ae09dVs3h9tHepx2An,7kY5Ae09dVs3h9tHepx2An
IG Thot (feat. MDMA(,Thouxanbanfauni,rap,0,2021-10-01,https://open.spotify.com/track/4sioclgUXZi6rhwrJ5zPcp,4sioclgUXZi6rhwrJ5zPcp
Million d'euros,Dino Killabizz,rap,0,2021-05-27,https://open.spotify.com/track/1Jo3eU4d82L8Azvb3xLZZL,1Jo3eU4d82L8Azvb3xLZZL
Kita Djaya,Farly,rap,3,2020-03-20,https://open.spotify.com/track/2133d89aOLkSNFnzsKW5eW,2133d89aOLkSNFnzsKW5eW
Past Life,Trevor Daniel,rap,6,2020-10-23,https://open.spotify.com/track/23CrmnmDRuUAhzGl1PVr2u,23CrmnmDRuUAhzGl1PVr2u
Minute Man,RudyCash,rap,0,2020-03-28,https://open.spotify.com/track/5QJupSsbjQbDPSbFLFILy1,5QJupSsbjQbDPSbFLFILy1
Duce,Swagg Dinero,rap,0,2021-06-25,https://open.spotify.com/track/3TTwfZs5Er5n8GR7IvHxZK,3TTwfZs5Er5n8GR7IvHxZK
Mrs. Davis,Gucci Mane,rap,0,2022-09-02,https://open.spotify.com/track/1oyYGQ8JbloMW1zDsp0nTO,1oyYGQ8JbloMW1zDsp0nTO
Quick Question - Spedup Version,Babyboy AV,afrobeat,29,2023-07-26,https://open.spotify.com/track/6Fp1aVk17T244mLqetsuae,6Fp1aVk17T244mLqetsuae
Real Life,Burna Boy,afrobeat,0,2023-02-23,https://open.spotify.com/track/3ODKdIxUDq47yZcdwaOzp7,3ODKdIxUDq47yZcdwaOzp7
Door,Joeboy,afrobeat,29,2021-02-04,https://open.spotify.com/track/0Ad6okyKc5qGtECNQa3IFH,0Ad6okyKc5qGtECNQa3IFH
My Touch - Remix,Eugy Official,afrobeat,28,2021-08-20,https://open.spotify.com/track/4QCIFeC7FdVlEVXz4XRhh1,4QCIFeC7FdVlEVXz4XRhh1
Denge,TBabz,afrobeat,26,2023-09-08,https://open.spotify.com/track/5gUzlhiXmEJcbl8dYRvRXH,5gUzlhiXmEJcbl8dYRvRXH
Kasaléfkut Hulu (Live),Mulatu Astatke,afrobeat,15,2022-04-15,https://open.spotify.com/track/61sfL71hPz1eAiXPAUIpTR,61sfL71hPz1eAiXPAUIpTR
Morning Devotion,Street Church Music,afrobeat,42,2023-02-03,https://open.spotify.com/track/5AZ8G1XQM0I20LS61y44Qs,5AZ8G1XQM0I20LS61y44Qs
Call of Duty,Zinoleesky,afrobeat,42,2022-08-26,https://open.spotify.com/track/2wfWK2cmM5DZ4VnT7rDnFO,2wfWK2cmM5DZ4VnT7rDnFO
Jara,Mavins,afrobeat,29,2022-12-02,https://open.spotify.com/track/1eYCSNF8aKWt2klQUvcK5F,1eYCSNF8aKWt2klQUvcK5F
Body and Soul,Oritse Femi,afrobeat,28,2022-08-29,https://open.spotify.com/track/4ucZ5CScX3xiTmDkqCYqkA,4ucZ5CScX3xiTmDkqCYqkA
Pray,Zoro,afrobeat,12,2023-10-27,https://open.spotify.com/track/5Yp4o79GcWdVH5p8ukiobe,5Yp4o79GcWdVH5p8ukiobe
Desire Pt. 2,Limoblaze,afrobeat,49,2023-07-07,https://open.spotify.com/track/4KyLwJ8ozG534aCtba71qO,4KyLwJ8ozG534aCtba71qO
Esta Vida,The Bongo Hop,afrobeat,18,2022-05-06,https://open.spotify.com/track/06uhMicBjxvmndBJafsgHU,06uhMicBjxvmndBJafsgHU
Hihache - Remastered,Lafayette Afro Rock Band,afrobeat,13,2022-04-07,https://open.spotify.com/track/5eH3u9AR5XzvXuL6N8zCD7,5eH3u9AR5XzvXuL6N8zCD7
Freaky & Naughty,Sarkodie,afrobeat,21,2023-08-04,https://open.spotify.com/track/3pegFML6cZ9rgDuvLHm7Wj,3pegFML6cZ9rgDuvLHm7Wj
M.O.O.D,Juls,afrobeat,28,2021-10-08,https://open.spotify.com/track/6qa632VoAHmcGj8QwfuFGH,6qa632VoAHmcGj8QwfuFGH
Understand,Omah Lay,afrobeat,29,2021-07-08,https://open.spotify.com/track/73ZDNI2EmQA0XwuiXi1F0j,73ZDNI2EmQA0XwuiXi1F0j
Simigwa-Do,Gyedu-Blay Ambolley,afrobeat,1,2020-02-28,https://open.spotify.com/track/3jiSaNGgM3A9JNnE3MGBYR,3jiSaNGgM3A9JNnE3MGBYR
Check Yourself,Kaptain,afrobeat,44,2021-06-11,https://open.spotify.com/track/32LvANvgjC7e8fdhNKww5n,32LvANvgjC7e8fdhNKww5n
For My Hand,Burna Boy,afrobeat,2,2023-07-21,https://open.spotify.com/track/4cuxOAXqxefc2TJZFIBVWP,4cuxOAXqxefc2TJZFIBVWP
Rise Up,DJ Neptune,afrobeat,11,2021-11-26,https://open.spotify.com/track/1kR2hEOMhjMf8aWi2T4jET,1kR2hEOMhjMf8aWi2T4jET
Giza (feat. Seyi Vibez),Burna Boy,afrobeat,21,2023-08-23,https://open.spotify.com/track/2PAJhn5Q9Drh1IPhoc0Aft,2PAJhn5Q9Drh1IPhoc0Aft
Headliner,NSG,afrobeat,38,2021-12-09,https://open.spotify.com/track/5yX1jR8VbEygSGnY7dXPBq,5yX1jR8VbEygSGnY7dXPBq
Sad Boys Don't Fold,Black Sherif,afrobeat,43,2022-10-05,https://open.spotify.com/track/0UtHD3hSKIglnfYtnaXE1L,0UtHD3hSKIglnfYtnaXE1L
Teslim Introduction,Vector,afrobeat,15,2022-11-11,https://open.spotify.com/track/18MN8By3eH6S2GiqHKfQKD,18MN8By3eH6S2GiqHKfQKD
DRAMA QUEEN,Odunsi (The Engine),afrobeat,25,2022-09-14,https://open.spotify.com/track/51MaFLZUzEE2mU5F4pSIZh,51MaFLZUzEE2mU5F4pSIZh
OKERE GAN,LC Beatz,afrobeat,10,2022-10-28,https://open.spotify.com/track/74GU4wV28SAJZLrfboCXg7,74GU4wV28SAJZLrfboCXg7
Bembe,DJ Neptune,afrobeat,28,2020-09-18,https://open.spotify.com/track/5v0GqGiL1nEuWJsSh1gMGI,5v0GqGiL1nEuWJsSh1gMGI
PARTY SAD FACE/CRAZY WURLD,Amaarae,afrobeat,36,2020-11-12,https://open.spotify.com/track/2Gs5qWN9jVIYV7gDdEVNNn,2Gs5qWN9jVIYV7gDdEVNNn
5&1,Keleketla!,afrobeat,9,2020-07-03,https://open.spotify.com/track/54Kqji0DP852UvEKlizDIe,54Kqji0DP852UvEKlizDIe
Nocturnal Molestation,Midnight,r-n-b,22,2022-03-04,https://open.spotify.com/track/2ZnHxAteyz41p2cnbDVMP5,2ZnHxAteyz41p2cnbDVMP5
Slow Motion - Howie Tee Remix,Color Me Badd,r-n-b,2,2021-07-23,https://open.spotify.com/track/7uDDCVlWSoV1OIn7ggREzj,7uDDCVlWSoV1OIn7ggREzj
Grease,Frankie Valli,r-n-b,0,2021-12-03,https://open.spotify.com/track/3IaYb1rJ7pp7WuXqGdu7QU,3IaYb1rJ7pp7WuXqGdu7QU
Envolver,Anitta,r-n-b,11,2022-11-11,https://open.spotify.com/track/2ZPaK8EzIgHVWiwB7cXYDa,2ZPaK8EzIgHVWiwB7cXYDa
IGNORANT,Tokyo,r-n-b,0,2020-06-01,https://open.spotify.com/track/3ETk4Rwx88yxQYVdR0D6Fy,3ETk4Rwx88yxQYVdR0D6Fy
Burt & State,Stove God Cooks,r-n-b,23,2020-03-27,https://open.spotify.com/track/4JDl2pwA1x8yif7WxANzWq,4JDl2pwA1x8yif7WxANzWq
Thousands of Lovers,Editors,r-n-b,6,2020-04-26,https://open.spotify.com/track/6K5tDq5cgRN2doMTiFWWyr,6K5tDq5cgRN2doMTiFWWyr
Exclusiva,IZA,r-n-b,0,2023-09-09,https://open.spotify.com/track/1IyDxPyYIliaic3Pyb1Bv9,1IyDxPyYIliaic3Pyb1Bv9
Pretend,Gerry & The Pacemakers,r-n-b,1,2020-03-27,https://open.spotify.com/track/3UHttsilLAcbvuPKGaOAVr,3UHttsilLAcbvuPKGaOAVr
Too Tight Mama,Big Maybelle,r-n-b,0,2020-04-08,https://open.spotify.com/track/1Xtn44gKTXdSbqYQ785XPc,1Xtn44gKTXdSbqYQ785XPc
Renegado,Tauz,r-n-b,26,2020-12-24,https://open.spotify.com/track/6vKyRBbRr1laJ3bNtnJntm,6vKyRBbRr1laJ3bNtnJntm
Work It,Missy Elliott,r-n-b,0,2023-05-12,https://open.spotify.com/track/2mzCbfD1vopXHQuAwCvnT8,2mzCbfD1vopXHQuAwCvnT8
Hospital Radio,Mystery Jets,r-n-b,4,2020-04-03,https://open.spotify.com/track/0RhtF5FK1yaOjNXUzaL6Jp,0RhtF5FK1yaOjNXUzaL6Jp
Unchained Melody,Dick & Dee Dee,r-n-b,3,2022-07-22,https://open.spotify.com/track/1pTHkcCg9u1BvPFcPxP8cY,1pTHkcCg9u1BvPFcPxP8cY
Just For Your Love,The Falcons,r-n-b,1,2023-12-04,https://open.spotify.com/track/5EMF11hmNx7D7XivQtpYbr,5EMF11hmNx7D7XivQtpYbr
Walking at a Downtown Pace,Parquet Courts,r-n-b,3,2021-10-19,https://open.spotify.com/track/6eDQXNpsqsZQXbZN4if350,6eDQXNpsqsZQXbZN4if350
Sintomas de prazer,LUDMILLA,r-n-b,6,2023-08-26,https://open.spotify.com/track/2uExIhoq7K9Se7yCoHZJU0,2uExIhoq7K9Se7yCoHZJU0
Deus do Sol e Rei de Esparta,Flash Beats Manow,r-n-b,20,2023-12-11,https://open.spotify.com/track/5yiMFuskw6fGrG5LXfNjwK,5yiMFuskw6fGrG5LXfNjwK
Under The Sun - Live at The Murmrr Theatre,DIIV,r-n-b,24,2022-11-17,https://open.spotify.com/track/3B1kTFdlV0T7grk57BO7AG,3B1kTFdlV0T7grk57BO7AG
On & On,Erykah Badu,r-n-b,0,2021-03-19,https://open.spotify.com/track/7MuSuf6UnkeZ1LfvJPD3l2,7MuSuf6UnkeZ1LfvJPD3l2
Mandelão do Akon,JC NO BEAT,r-n-b,9,2021-03-19,https://open.spotify.com/track/233TpkmnT8LJq3cQr2e6Ds,233TpkmnT8LJq3cQr2e6Ds
Downtown,Anitta,r-n-b,6,2023-11-10,https://open.spotify.com/track/7GiJkRGu7vZaJTF8PAGAXV,7GiJkRGu7vZaJTF8PAGAXV
Too Much Monkey Business - Live,Chuck Berry,r-n-b,7,2021-03-26,https://open.spotify.com/track/6A8kW9Yx0KdLJrbElsO3qw,6A8kW9Yx0KdLJrbElsO3qw
Party Doll - Extended Version (Remastered),Buddy Knox,r-n-b,0,2022-04-29,https://open.spotify.com/track/1oZjtnChWRBXjr5qZ0UBnX,1oZjtnChWRBXjr5qZ0UBnX
Voy a Convencerte,Samuray,r-n-b,7,2021-01-31,https://open.spotify.com/track/5NXdLSshbJCss44pqmZBnf,5NXdLSshbJCss44pqmZBnf
My Lovin’ (You’re Never Gonna Get It),En Vogue,r-n-b,0,2023-11-09,https://open.spotify.com/track/1GRkyu1unH40fkv6pPnQ1G,1GRkyu1unH40fkv6pPnQ1G
Sou má,LUDMILLA,r-n-b,0,2023-06-30,https://open.spotify.com/track/5LooowR0JUfn4jjk39DEPg,5LooowR0JUfn4jjk39DEPg
Avellaneda Blues - En Vivo,Claudio Gabis,r-n-b,1,2020-03-31,https://open.spotify.com/track/2gtngs65jCjQNgqlmc6LYd,2gtngs65jCjQNgqlmc6LYd
Envolver - Remix,Anitta,r-n-b,0,2023-03-10,https://open.spotify.com/track/1t7sj6kJeneJswnsnEezmz,1t7sj6kJeneJswnsnEezmz
Lies Lies Lies,Annisteen Allen,r-n-b,0,2020-08-20,https://open.spotify.com/track/0Wp4wWoGJRLLkzRkdeqNYI,0Wp4wWoGJRLLkzRkdeqNYI
